,price,production_year,size,color,material,acc_included,condition_ext,other_defects,has_smell,has_chain,has_logo,has_quilts,bag_style,brand
0,2155,2015-2020,mini,blue,tweed,2,excellent,0.0,0.0,1.0,1.0,0.0,woc,Chanel
1,2395,2015-2020,mini,black,tweed,4,excellent,0.0,0.0,1.0,1.0,0.0,woc,Chanel
2,1295,2010-2015,mini,blue,caviar,2,good,0.0,0.0,1.0,0.0,0.0,woc,Chanel
3,2515,2015-2020,mini,red,caviar,3,like_new,0.0,0.0,1.0,1.0,1.0,woc,Chanel
4,1705,0,mini,red,caviar,0,good,1.0,0.0,1.0,1.0,1.0,woc,Chanel
5,2035,2010-2015,mini,red,caviar,4,excellent,0.0,0.0,1.0,1.0,1.0,woc,Chanel
6,1800,2015-2020,mini,red,caviar,3,fair,0.0,0.0,1.0,1.0,1.0,woc,Chanel
7,1850,2010-2015,mini,red,caviar,3,good,0.0,0.0,1.0,1.0,1.0,woc,Chanel
8,1795,2010-2015,mini,red,lambskin,2,good,0.0,0.0,1.0,1.0,1.0,woc,Chanel
9,1525,0,mini,red,lambskin,3,good,1.0,0.0,1.0,1.0,1.0,woc,Chanel
10,1650,0,mini,red,lambskin,3,good,0.0,1.0,1.0,1.0,1.0,woc,Chanel
11,3705,2015-2020,mini,black,exotic,3,excellent,0.0,0.0,1.0,1.0,0.0,woc,Chanel
12,1565,2010-2015,mini,black,patent,2,good,0.0,0.0,1.0,1.0,1.0,woc,Chanel
13,2465,2010-2015,mini,red,caviar,2,excellent,0.0,0.0,1.0,1.0,1.0,woc,Chanel
14,1185,0,small,red,lambskin,0,good,0.0,0.0,1.0,1.0,0.0,woc,Chanel
15,1975,2000-2010,mini,black,lambskin,4,good,0.0,0.0,1.0,1.0,1.0,woc,Chanel
16,1750,0,mini,black,lambskin,3,good,0.0,0.0,1.0,1.0,1.0,woc,Chanel
17,3995,2015-2020,mini,red,lambskin,4,like_new,0.0,0.0,1.0,1.0,1.0,woc,Chanel
18,2795,2010-2015,mini,beige,caviar,4,excellent,0.0,0.0,1.0,0.0,1.0,woc,Chanel
19,1195,1990s,mini,beige,caviar,3,good,0.0,0.0,1.0,1.0,0.0,woc,Chanel
20,1705,2010-2015,mini,black,lambskin,3,good,1.0,0.0,1.0,1.0,1.0,woc,Chanel
21,3910,2015-2020,mini,black,lambskin,3,excellent,0.0,0.0,1.0,1.0,1.0,woc,Chanel
22,2275,2015-2020,mini,blue,lambskin,4,like_new,0.0,0.0,1.0,1.0,1.0,woc,Chanel
23,1595,2010-2015,mini,black,lambskin,0,fair,1.0,0.0,1.0,1.0,1.0,woc,Chanel
24,1745,0,mini,pink,lambskin,4,good,0.0,0.0,1.0,1.0,1.0,woc,Chanel
25,2115,0,mini,red,caviar,2,excellent,0.0,0.0,1.0,1.0,1.0,woc,Chanel
26,2465,2015-2020,mini,black,caviar,3,good,0.0,0.0,1.0,1.0,1.0,woc,Chanel
27,1450,2010-2015,mini,red,caviar,3,good,0.0,0.0,1.0,1.0,0.0,woc,Chanel
28,1995,2015-2020,mini,pink,lambskin,4,good,0.0,0.0,1.0,1.0,1.0,woc,Chanel
29,2465,2015-2020,mini,pink,lambskin,3,excellent,0.0,0.0,1.0,1.0,1.0,woc,Chanel
30,2395,0,mini,pink,caviar,0,excellent,0.0,0.0,1.0,1.0,1.0,woc,Chanel
31,1810,2015-2020,mini,blue,lambskin,4,good,0.0,0.0,1.0,1.0,1.0,woc,Chanel
32,1370,2010-2015,mini,blue,lambskin,2,good,0.0,0.0,1.0,1.0,1.0,woc,Chanel
33,2245,2015-2020,mini,red,caviar,2,excellent,0.0,0.0,1.0,1.0,1.0,woc,Chanel
34,1595,2010-2015,mini,pink,caviar,0,good,0.0,0.0,1.0,1.0,1.0,woc,Chanel
35,2245,2015-2020,mini,metallic,caviar,4,excellent,0.0,0.0,1.0,1.0,1.0,woc,Chanel
36,2595,2015-2020,mini,blue,caviar,2,excellent,0.0,0.0,1.0,1.0,1.0,woc,Chanel
37,2015,2015-2020,mini,red,caviar,2,excellent,0.0,0.0,1.0,1.0,1.0,woc,Chanel
38,1895,2010-2015,mini,red,lambskin,2,good,0.0,1.0,1.0,1.0,1.0,woc,Chanel
39,1345,2010-2015,mini,pink,caviar,0,good,0.0,0.0,1.0,1.0,1.0,woc,Chanel
40,2340,2015-2020,mini,green,caviar,2,excellent,0.0,0.0,1.0,1.0,1.0,woc,Chanel
41,1165,2010-2015,mini,pink,lambskin,3,good,0.0,0.0,1.0,1.0,0.0,woc,Chanel
42,1480,2010-2015,mini,black,lambskin,2,good,0.0,0.0,1.0,1.0,0.0,woc,Chanel
43,2450,2015-2020,mini,black,caviar,2,excellent,0.0,0.0,1.0,1.0,1.0,woc,Chanel
44,2670,2015-2020,mini,black,lambskin,3,good,0.0,0.0,1.0,1.0,1.0,woc,Chanel
45,2995,2015-2020,mini,black,lambskin,2,excellent,0.0,0.0,1.0,1.0,1.0,woc,Chanel
46,1810,2015-2020,mini,black,lambskin,0,good,0.0,0.0,1.0,1.0,1.0,woc,Chanel
47,2675,0,mini,black,lambskin,0,good,0.0,0.0,1.0,1.0,1.0,woc,Chanel
48,2465,0,mini,black,lambskin,4,excellent,0.0,0.0,1.0,1.0,1.0,woc,Chanel
49,1305,2015-2020,mini,blue,lambskin,3,good,0.0,0.0,1.0,1.0,1.0,woc,Chanel
50,2650,2015-2020,mini,beige,caviar,4,excellent,0.0,0.0,1.0,1.0,1.0,woc,Chanel
51,2450,2015-2020,mini,black,lambskin,2,excellent,0.0,0.0,1.0,0.0,1.0,woc,Chanel
52,2675,2015-2020,mini,pink,lambskin,4,excellent,0.0,0.0,1.0,1.0,1.0,woc,Chanel
53,2605,2010-2015,mini,metallic,lambskin,2,excellent,0.0,0.0,1.0,1.0,1.0,woc,Chanel
54,2180,2010-2015,mini,black,patent,3,excellent,0.0,0.0,1.0,0.0,1.0,woc,Chanel
55,4735,2015-2020,mini,metallic,caviar,4,excellent,0.0,0.0,1.0,1.0,1.0,woc,Chanel
56,2295,2015-2020,mini,black,lambskin,4,excellent,0.0,0.0,1.0,1.0,1.0,woc,Chanel
57,1945,2015-2020,mini,blue,fabric,2,excellent,0.0,0.0,1.0,1.0,1.0,woc,Chanel
58,1230,2000-2010,mini,green,lambskin,2,excellent,0.0,0.0,1.0,0.0,1.0,woc,Chanel
59,2420,2015-2020,mini,black,lambskin,4,excellent,0.0,0.0,1.0,1.0,1.0,woc,Chanel
60,3225,2015-2020,mini,metallic,caviar,4,like_new,0.0,0.0,1.0,1.0,1.0,woc,Chanel
61,3395,2015-2020,mini,metallic,lambskin,4,like_new,0.0,0.0,1.0,0.0,0.0,woc,Chanel
62,2785,2015-2020,mini,metallic,lambskin,4,like_new,0.0,0.0,1.0,0.0,0.0,woc,Chanel
63,3295,0,mini,metallic,lambskin,4,like_new,0.0,0.0,1.0,1.0,0.0,woc,Chanel
64,1215,2000-2010,xlarge,black,caviar,2,good,0.0,0.0,0.0,1.0,0.0,tote,Chanel
65,955,2000-2010,large,black,caviar,1,fair,0.0,0.0,0.0,1.0,0.0,tote,Chanel
66,935,1990s,large,black,caviar,2,good,0.0,0.0,0.0,1.0,0.0,tote,Chanel
67,1450,1990s,xlarge,yellow,caviar,3,good,0.0,0.0,0.0,1.0,0.0,tote,Chanel
68,495,2000-2010,large,black,fabric,0,good,0.0,0.0,0.0,0.0,0.0,tote,Chanel
69,1795,2000-2010,medium,black,caviar,0,good,0.0,0.0,1.0,1.0,1.0,tote,Chanel
70,805,1990s,large,black,patent,3,good,0.0,0.0,1.0,0.0,1.0,tote,Chanel
71,800,2010-2015,small,white,tweed,0,excellent,0.0,0.0,1.0,1.0,0.0,tote,Chanel
72,1445,2015-2020,large,multicolor,tweed,0,excellent,0.0,0.0,1.0,1.0,0.0,tote,Chanel
73,1520,2015-2020,large,multicolor,tweed,3,like_new,0.0,0.0,1.0,1.0,0.0,tote,Chanel
74,1595,2015-2020,large,multicolor,tweed,4,excellent,0.0,0.0,1.0,1.0,0.0,tote,Chanel
75,2055,2015-2020,xlarge,multicolor,tweed,3,excellent,0.0,0.0,1.0,1.0,0.0,tote,Chanel
76,650,0,small,black,tweed,2,excellent,0.0,0.0,1.0,0.0,0.0,tote,Chanel
77,825,0,large,brown,lambskin,0,fair,0.0,1.0,1.0,0.0,1.0,tote,Chanel
78,1560,0,xlarge,black,lambskin,2,good,0.0,0.0,1.0,1.0,0.0,tote,Chanel
79,1250,2000-2010,xlarge,red,fabric,2,good,0.0,1.0,1.0,1.0,0.0,tote,Chanel
80,1995,2010-2015,xlarge,blue,fabric,3,good,0.0,0.0,0.0,1.0,0.0,tote,Chanel
81,670,0,large,black,lambskin,0,fair,0.0,1.0,0.0,1.0,0.0,tote,Chanel
82,1595,2000-2010,xlarge,black,caviar,0,good,0.0,1.0,1.0,1.0,0.0,tote,Chanel
83,1995,0,xlarge,blue,fabric,3,fair,1.0,0.0,1.0,1.0,0.0,tote,Chanel
84,710,2000-2010,large,white,patent,0,fair,0.0,0.0,1.0,1.0,0.0,tote,Chanel
85,1665,2000-2010,large,black,lambskin,3,good,0.0,0.0,0.0,1.0,0.0,tote,Chanel
86,1705,0,large,black,lambskin,4,good,0.0,0.0,0.0,0.0,0.0,tote,Chanel
87,1395,2010-2015,large,black,lambskin,3,good,0.0,0.0,0.0,1.0,0.0,tote,Chanel
88,1230,2010-2015,large,black,lambskin,4,good,0.0,0.0,1.0,1.0,0.0,tote,Chanel
89,2440,2010-2015,xlarge,blue,fabric,3,good,0.0,1.0,1.0,1.0,0.0,tote,Chanel
90,905,2010-2015,large,beige,fabric,2,good,0.0,0.0,0.0,1.0,1.0,tote,Chanel
91,1255,0,xlarge,black,lambskin,2,good,0.0,1.0,0.0,1.0,0.0,tote,Chanel
92,2680,0,xlarge,beige,fabric,2,good,1.0,1.0,1.0,1.0,0.0,tote,Chanel
93,805,2000-2010,xlarge,blue,fabric,0,good,0.0,1.0,0.0,1.0,0.0,tote,Chanel
94,965,2000-2010,large,grey,lambskin,3,good,0.0,0.0,1.0,1.0,1.0,tote,Chanel
95,725,1990s,large,white,lambskin,2,fair,0.0,0.0,1.0,1.0,0.0,tote,Chanel
96,1915,2010-2015,large,black,caviar,2,good,0.0,1.0,1.0,1.0,0.0,tote,Chanel
97,905,2010-2015,large,black,lambskin,0,good,0.0,1.0,1.0,1.0,0.0,tote,Chanel
98,905,2000-2010,large,black,lambskin,0,good,0.0,0.0,1.0,1.0,0.0,tote,Chanel
99,1265,0,large,black,patent,3,good,0.0,0.0,1.0,1.0,1.0,tote,Chanel
100,1510,0,xlarge,blue,caviar,0,good,0.0,1.0,1.0,1.0,0.0,tote,Chanel
101,855,2000-2010,large,beige,caviar,0,good,0.0,1.0,0.0,1.0,1.0,tote,Chanel
102,1195,0,large,beige,caviar,2,good,0.0,0.0,0.0,1.0,1.0,tote,Chanel
103,1215,0,large,beige,caviar,0,good,0.0,0.0,0.0,1.0,1.0,tote,Chanel
104,1125,2000-2010,large,beige,caviar,0,good,0.0,0.0,0.0,1.0,1.0,tote,Chanel
105,1200,2000-2010,large,beige,caviar,0,good,1.0,0.0,0.0,1.0,1.0,tote,Chanel
106,1245,2000-2010,large,black,caviar,0,good,0.0,1.0,0.0,1.0,1.0,tote,Chanel
107,3095,2015-2020,large,black,caviar,6,excellent,0.0,0.0,1.0,1.0,0.0,tote,Chanel
108,1345,0,large,beige,lambskin,4,good,0.0,0.0,1.0,1.0,0.0,tote,Chanel
109,1230,2000-2010,large,black,caviar,3,good,0.0,0.0,1.0,1.0,0.0,tote,Chanel
110,625,2000-2010,large,black,caviar,2,fair,0.0,0.0,1.0,1.0,1.0,tote,Chanel
111,1495,0,xlarge,black,caviar,0,good,0.0,0.0,1.0,0.0,1.0,tote,Chanel
112,805,2010-2015,xlarge,brown,lambskin,0,good,0.0,1.0,1.0,0.0,1.0,tote,Chanel
113,1575,0,large,blue,lambskin,2,fair,1.0,0.0,1.0,1.0,1.0,tote,Chanel
114,1275,0,xlarge,blue,0,2,good,0.0,0.0,0.0,0.0,0.0,tote,Chanel
115,1610,2010-2015,xlarge,black,lambskin,3,good,0.0,1.0,1.0,0.0,0.0,tote,Chanel
116,1520,0,large,black,lambskin,0,good,0.0,1.0,1.0,0.0,0.0,tote,Chanel
117,2650,2010-2015,large,brown,lambskin,4,good,0.0,0.0,1.0,0.0,1.0,tote,Chanel
118,3240,2015-2020,xlarge,grey,fabric,3,good,0.0,0.0,1.0,1.0,0.0,tote,Chanel
119,1915,2010-2015,large,black,caviar,2,good,0.0,0.0,1.0,1.0,1.0,tote,Chanel
120,1705,2000-2010,large,white,lambskin,2,good,0.0,0.0,1.0,0.0,1.0,tote,Chanel
121,1850,2015-2020,medium,blue,synthetic,3,excellent,0.0,0.0,1.0,1.0,0.0,tote,Chanel
122,4350,2015-2020,xlarge,pink,synthetic,2,excellent,0.0,0.0,1.0,1.0,0.0,tote,Chanel
123,1230,2010-2015,large,metallic,lambskin,0,good,0.0,0.0,1.0,0.0,0.0,tote,Chanel
124,2015,2015-2020,medium,red,lambskin,2,good,0.0,0.0,1.0,1.0,1.0,tote,Chanel
125,1230,2010-2015,large,black,lambskin,4,good,0.0,0.0,0.0,1.0,0.0,tote,Chanel
126,1165,2010-2015,large,black,lambskin,3,good,0.0,0.0,0.0,1.0,0.0,tote,Chanel
127,650,2000-2010,large,blue,fabric,2,good,0.0,1.0,0.0,1.0,0.0,tote,Chanel
128,2230,2010-2015,xlarge,blue,fabric,3,good,0.0,1.0,1.0,1.0,0.0,tote,Chanel
129,3165,2015-2020,xlarge,orange,fabric,3,excellent,0.0,0.0,1.0,1.0,0.0,tote,Chanel
130,2115,2010-2015,large,grey,lambskin,2,good,0.0,0.0,1.0,1.0,0.0,tote,Chanel
131,2050,2010-2015,xlarge,black,fabric,3,good,1.0,1.0,1.0,1.0,0.0,tote,Chanel
132,2180,2010-2015,xlarge,black,fabric,0,good,0.0,1.0,1.0,1.0,0.0,tote,Chanel
133,850,2000-2010,xlarge,blue,caviar,0,fair,0.0,1.0,0.0,1.0,0.0,tote,Chanel
134,2570,2015-2020,large,black,caviar,3,good,0.0,0.0,1.0,1.0,1.0,tote,Chanel
135,3705,2015-2020,large,red,caviar,3,excellent,0.0,0.0,1.0,1.0,0.0,tote,Chanel
136,3010,2015-2020,large,red,caviar,3,excellent,0.0,1.0,1.0,1.0,0.0,tote,Chanel
137,3375,2015-2020,large,red,caviar,2,excellent,0.0,0.0,1.0,1.0,0.0,tote,Chanel
138,410,0,medium,white,caviar,2,fair,0.0,0.0,0.0,1.0,0.0,tote,Chanel
139,1045,2000-2010,xlarge,black,lambskin,2,good,0.0,0.0,0.0,1.0,0.0,tote,Chanel
140,2805,2015-2020,large,black,synthetic,3,excellent,0.0,0.0,1.0,1.0,0.0,tote,Chanel
141,3395,0,xlarge,blue,caviar,3,excellent,0.0,0.0,1.0,1.0,0.0,tote,Chanel
142,4365,2015-2020,xlarge,black,caviar,2,excellent,0.0,0.0,1.0,1.0,1.0,tote,Chanel
143,2385,2010-2015,large,black,lambskin,4,good,0.0,0.0,0.0,1.0,1.0,tote,Chanel
144,3480,2015-2020,xlarge,black,synthetic,3,excellent,0.0,1.0,1.0,1.0,0.0,tote,Chanel
145,795,2010-2015,large,black,synthetic,2,good,0.0,0.0,1.0,1.0,1.0,tote,Chanel
146,670,2010-2015,xlarge,white,fabric,3,good,0.0,0.0,0.0,1.0,0.0,tote,Chanel
147,3995,2015-2020,large,white,caviar,2,excellent,0.0,0.0,1.0,1.0,0.0,tote,Chanel
148,3195,2015-2020,xlarge,black,caviar,0,excellent,0.0,0.0,1.0,1.0,0.0,tote,Chanel
149,1315,2010-2015,large,blue,lambskin,4,good,0.0,0.0,0.0,0.0,0.0,tote,Chanel
150,1805,0,large,black,lambskin,0,good,0.0,0.0,1.0,1.0,1.0,tote,Chanel
151,1450,2000-2010,xlarge,grey,fabric,2,excellent,0.0,0.0,0.0,1.0,1.0,tote,Chanel
152,3190,2015-2020,xlarge,black,fabric,0,good,0.0,0.0,1.0,1.0,0.0,tote,Chanel
153,850,2010-2015,large,black,synthetic,0,good,0.0,0.0,1.0,1.0,0.0,tote,Chanel
154,1420,2000-2010,large,black,lambskin,2,good,1.0,0.0,0.0,1.0,0.0,tote,Chanel
155,1320,0,large,black,lambskin,4,good,0.0,0.0,0.0,1.0,0.0,tote,Chanel
156,1195,2000-2010,large,black,lambskin,2,good,0.0,0.0,0.0,1.0,0.0,tote,Chanel
157,1250,0,large,black,lambskin,2,good,0.0,1.0,0.0,1.0,0.0,tote,Chanel
158,1255,2010-2015,large,white,lambskin,4,good,0.0,0.0,0.0,1.0,0.0,tote,Chanel
159,1100,2000-2010,xlarge,black,lambskin,0,good,0.0,1.0,1.0,1.0,0.0,tote,Chanel
160,2695,2010-2015,large,brown,lambskin,4,good,0.0,0.0,1.0,1.0,1.0,tote,Chanel
161,1795,2010-2015,large,black,lambskin,2,good,0.0,0.0,1.0,1.0,1.0,tote,Chanel
162,1800,2010-2015,large,black,caviar,3,good,0.0,0.0,1.0,1.0,1.0,tote,Chanel
163,1510,0,large,black,caviar,2,good,0.0,1.0,1.0,1.0,1.0,tote,Chanel
164,2075,2010-2015,large,red,caviar,4,excellent,0.0,1.0,1.0,1.0,1.0,tote,Chanel
165,2160,2000-2010,large,red,caviar,0,good,0.0,0.0,1.0,1.0,1.0,tote,Chanel
166,1485,0,large,black,lambskin,3,good,0.0,0.0,0.0,1.0,0.0,tote,Chanel
167,1035,2010-2015,xlarge,green,fabric,0,good,1.0,1.0,0.0,1.0,1.0,tote,Chanel
168,800,2010-2015,large,black,lambskin,3,good,0.0,1.0,0.0,1.0,0.0,tote,Chanel
169,2295,2015-2020,large,black,lambskin,3,good,0.0,1.0,1.0,1.0,0.0,tote,Chanel
170,2095,2010-2015,large,blue,caviar,3,good,0.0,0.0,1.0,1.0,1.0,tote,Chanel
171,3610,2010-2015,large,black,caviar,4,excellent,0.0,0.0,1.0,1.0,1.0,tote,Chanel
172,2515,2015-2020,large,blue,synthetic,3,like_new,0.0,0.0,1.0,1.0,0.0,tote,Chanel
173,3805,2015-2020,xlarge,blue,synthetic,3,excellent,0.0,0.0,1.0,1.0,0.0,tote,Chanel
174,2210,2010-2015,large,metallic,caviar,3,excellent,0.0,0.0,1.0,1.0,1.0,tote,Chanel
175,905,2000-2010,xlarge,black,lambskin,0,fair,0.0,1.0,0.0,1.0,0.0,tote,Chanel
176,2095,2010-2015,large,black,caviar,3,good,0.0,1.0,1.0,1.0,1.0,tote,Chanel
177,2335,2000-2010,large,black,caviar,2,good,0.0,0.0,1.0,1.0,1.0,tote,Chanel
178,1795,2010-2015,large,black,caviar,0,good,0.0,1.0,1.0,1.0,1.0,tote,Chanel
179,1550,0,small,black,caviar,4,good,0.0,1.0,1.0,1.0,1.0,tote,Chanel
180,3375,0,large,red,caviar,3,excellent,0.0,0.0,1.0,1.0,0.0,tote,Chanel
181,1230,2000-2010,xlarge,black,lambskin,2,good,0.0,1.0,0.0,1.0,0.0,tote,Chanel
182,1095,2010-2015,xlarge,beige,lambskin,0,good,0.0,1.0,1.0,1.0,0.0,tote,Chanel
183,3295,2015-2020,large,grey,synthetic,4,excellent,0.0,0.0,1.0,1.0,0.0,tote,Chanel
184,3095,2015-2020,large,grey,fabric,3,excellent,0.0,0.0,1.0,1.0,0.0,tote,Chanel
185,1230,2010-2015,large,black,fabric,2,excellent,0.0,0.0,0.0,1.0,0.0,tote,Chanel
186,2680,2015-2020,large,blue,lambskin,4,good,0.0,0.0,0.0,1.0,0.0,tote,Chanel
187,950,2000-2010,xlarge,purple,lambskin,3,good,0.0,0.0,0.0,1.0,0.0,tote,Chanel
188,820,2000-2010,small,black,fabric,0,good,0.0,0.0,1.0,1.0,1.0,tote,Chanel
189,2490,2015-2020,medium,black,fabric,2,excellent,0.0,0.0,1.0,1.0,0.0,tote,Chanel
190,3995,2015-2020,xlarge,black,fabric,4,like_new,0.0,0.0,1.0,1.0,0.0,tote,Chanel
191,2595,0,medium,black,lambskin,2,excellent,0.0,0.0,1.0,0.0,1.0,tote,Chanel
192,1185,2000-2010,large,black,lambskin,0,good,0.0,0.0,0.0,1.0,1.0,tote,Chanel
193,3130,2015-2020,large,grey,lambskin,2,good,0.0,1.0,1.0,1.0,0.0,tote,Chanel
194,1915,2010-2015,large,black,caviar,4,good,0.0,0.0,1.0,1.0,1.0,tote,Chanel
195,3130,2010-2015,xlarge,blue,caviar,2,good,0.0,1.0,1.0,1.0,1.0,tote,Chanel
196,775,2010-2015,xlarge,beige,synthetic,3,fair,1.0,0.0,1.0,0.0,1.0,tote,Chanel
197,2610,2015-2020,large,black,lambskin,2,good,0.0,0.0,1.0,1.0,1.0,tote,Chanel
198,3095,2010-2015,xlarge,black,caviar,2,good,0.0,0.0,1.0,1.0,1.0,tote,Chanel
199,3275,0,xlarge,black,caviar,2,good,0.0,1.0,1.0,1.0,1.0,tote,Chanel
200,3195,2010-2015,xlarge,black,caviar,0,good,0.0,0.0,1.0,1.0,1.0,tote,Chanel
201,2495,2010-2015,xlarge,black,caviar,0,good,0.0,0.0,1.0,1.0,1.0,tote,Chanel
202,4115,2015-2020,large,black,lambskin,0,excellent,0.0,0.0,1.0,1.0,0.0,tote,Chanel
203,1765,2010-2015,large,beige,lambskin,2,good,0.0,0.0,1.0,1.0,0.0,tote,Chanel
204,1895,2010-2015,xlarge,blue,lambskin,0,good,0.0,0.0,1.0,1.0,1.0,tote,Chanel
205,3050,0,large,black,0,5,like_new,0.0,0.0,1.0,1.0,0.0,tote,Chanel
206,895,2010-2015,xlarge,green,lambskin,0,good,0.0,0.0,1.0,0.0,1.0,tote,Chanel
207,3350,2015-2020,large,grey,lambskin,2,excellent,0.0,0.0,1.0,0.0,1.0,tote,Chanel
208,1210,2010-2015,large,black,lambskin,3,good,0.0,0.0,0.0,1.0,0.0,tote,Chanel
209,2595,2010-2015,large,grey,caviar,0,good,0.0,0.0,1.0,1.0,1.0,tote,Chanel
210,2595,2010-2015,large,blue,caviar,2,good,0.0,1.0,1.0,1.0,1.0,tote,Chanel
211,1275,2000-2010,medium,pink,caviar,0,good,0.0,0.0,1.0,1.0,1.0,tote,Chanel
212,1420,0,large,pink,caviar,0,fair,1.0,0.0,1.0,1.0,1.0,tote,Chanel
213,855,2010-2015,large,black,lambskin,0,good,0.0,0.0,1.0,0.0,0.0,tote,Chanel
214,895,2010-2015,large,other,lambskin,0,good,0.0,1.0,1.0,1.0,0.0,tote,Chanel
215,2995,2015-2020,large,metallic,synthetic,2,like_new,0.0,0.0,1.0,1.0,0.0,tote,Chanel
216,3095,2015-2020,large,metallic,synthetic,3,excellent,0.0,0.0,1.0,1.0,0.0,tote,Chanel
217,1000,0,large,black,patent,2,good,0.0,0.0,1.0,1.0,1.0,tote,Chanel
218,975,2000-2010,xlarge,black,lambskin,2,good,0.0,1.0,1.0,1.0,0.0,tote,Chanel
219,1195,2010-2015,xlarge,grey,fabric,0,good,0.0,0.0,1.0,1.0,1.0,tote,Chanel
220,2465,2010-2015,large,brown,caviar,2,excellent,0.0,0.0,1.0,1.0,1.0,tote,Chanel
221,2115,2010-2015,large,grey,caviar,3,good,0.0,0.0,1.0,1.0,1.0,tote,Chanel
222,2595,2015-2020,large,black,lambskin,0,good,0.0,0.0,1.0,1.0,1.0,tote,Chanel
223,700,2010-2015,large,white,lambskin,2,good,0.0,0.0,1.0,0.0,0.0,tote,Chanel
224,1130,2000-2010,xlarge,black,lambskin,0,good,0.0,0.0,1.0,1.0,0.0,tote,Chanel
225,945,2010-2015,xlarge,black,lambskin,2,good,0.0,0.0,1.0,1.0,0.0,tote,Chanel
226,5195,2015-2020,xlarge,blue,lambskin,5,like_new,0.0,0.0,1.0,1.0,0.0,tote,Chanel
227,3195,0,xlarge,blue,fabric,2,excellent,0.0,0.0,1.0,1.0,0.0,tote,Chanel
228,1950,2010-2015,xlarge,metallic,lambskin,0,good,0.0,1.0,1.0,0.0,1.0,tote,Chanel
229,1065,0,xlarge,black,lambskin,2,good,0.0,0.0,1.0,1.0,0.0,tote,Chanel
230,1495,2000-2010,large,metallic,caviar,0,good,0.0,0.0,1.0,1.0,0.0,tote,Chanel
231,1755,2010-2015,large,metallic,caviar,0,good,0.0,1.0,1.0,1.0,0.0,tote,Chanel
232,2965,2015-2020,large,blue,0,0,like_new,0.0,0.0,1.0,1.0,0.0,tote,Chanel
233,1140,0,xlarge,black,lambskin,0,good,0.0,0.0,1.0,0.0,0.0,tote,Chanel
234,1945,2015-2020,large,beige,lambskin,3,good,0.0,1.0,0.0,1.0,1.0,tote,Chanel
235,1935,2015-2020,large,black,lambskin,3,excellent,0.0,0.0,1.0,0.0,1.0,tote,Chanel
236,2065,0,large,black,lambskin,2,excellent,0.0,0.0,1.0,0.0,1.0,tote,Chanel
237,2675,2015-2020,large,black,lambskin,4,good,0.0,0.0,1.0,0.0,1.0,tote,Chanel
238,2925,0,xlarge,black,lambskin,3,excellent,0.0,0.0,1.0,1.0,0.0,tote,Chanel
239,1265,2000-2010,large,grey,caviar,2,good,0.0,0.0,1.0,0.0,0.0,tote,Chanel
240,3335,2015-2020,large,black,lambskin,3,excellent,0.0,0.0,1.0,1.0,0.0,tote,Chanel
241,995,2010-2015,medium,black,fabric,2,good,0.0,0.0,0.0,1.0,1.0,tote,Chanel
242,1035,2000-2010,xlarge,grey,fabric,2,excellent,0.0,0.0,0.0,1.0,1.0,tote,Chanel
243,2175,2015-2020,large,black,lambskin,4,good,0.0,1.0,1.0,1.0,0.0,tote,Chanel
244,3865,2015-2020,xlarge,black,fabric,4,like_new,0.0,0.0,1.0,1.0,0.0,tote,Chanel
245,4450,2015-2020,xlarge,black,fabric,5,like_new,0.0,0.0,1.0,1.0,0.0,tote,Chanel
246,3910,0,xlarge,black,fabric,4,like_new,0.0,0.0,1.0,1.0,0.0,tote,Chanel
247,3895,2015-2020,xlarge,black,fabric,4,like_new,0.0,0.0,1.0,1.0,0.0,tote,Chanel
248,1595,2010-2015,xlarge,black,lambskin,0,good,0.0,0.0,1.0,1.0,0.0,tote,Chanel
249,3610,2015-2020,large,blue,lambskin,4,excellent,0.0,0.0,1.0,1.0,0.0,tote,Chanel
250,2560,2015-2020,large,blue,lambskin,5,excellent,0.0,0.0,0.0,1.0,0.0,tote,Chanel
251,785,0,xlarge,brown,fabric,0,good,0.0,0.0,0.0,0.0,1.0,tote,Chanel
252,2420,2015-2020,large,black,lambskin,2,excellent,0.0,0.0,1.0,1.0,1.0,tote,Chanel
253,2775,2015-2020,large,black,lambskin,3,excellent,0.0,0.0,1.0,1.0,0.0,tote,Chanel
254,995,0,large,black,lambskin,2,excellent,0.0,0.0,0.0,1.0,0.0,tote,Chanel
255,1840,2000-2010,xlarge,blue,caviar,2,good,0.0,1.0,1.0,1.0,1.0,tote,Chanel
256,1610,2010-2015,large,blue,fabric,2,good,0.0,0.0,0.0,1.0,1.0,tote,Chanel
257,1375,2010-2015,xlarge,grey,caviar,3,good,0.0,0.0,1.0,1.0,1.0,tote,Chanel
258,1675,0,large,brown,lambskin,0,good,0.0,0.0,1.0,0.0,0.0,tote,Chanel
259,1560,2015-2020,large,brown,lambskin,3,good,0.0,0.0,1.0,0.0,0.0,tote,Chanel
260,1360,2010-2015,large,brown,lambskin,2,fair,0.0,0.0,1.0,0.0,0.0,tote,Chanel
261,1110,2010-2015,xlarge,blue,lambskin,2,good,0.0,0.0,1.0,0.0,1.0,tote,Chanel
262,1345,0,large,other,caviar,3,good,0.0,0.0,1.0,1.0,1.0,tote,Chanel
263,2095,2015-2020,large,black,lambskin,3,excellent,0.0,0.0,1.0,0.0,1.0,tote,Chanel
264,1395,2010-2015,large,blue,lambskin,0,excellent,0.0,1.0,1.0,1.0,0.0,tote,Chanel
265,1180,2010-2015,xlarge,beige,lambskin,0,good,0.0,1.0,1.0,0.0,0.0,tote,Chanel
266,2205,2010-2015,large,grey,lambskin,3,good,0.0,0.0,1.0,1.0,1.0,tote,Chanel
267,1230,2010-2015,xlarge,beige,caviar,0,good,0.0,0.0,1.0,1.0,1.0,tote,Chanel
268,1110,2010-2015,xlarge,black,caviar,0,good,0.0,1.0,1.0,1.0,1.0,tote,Chanel
269,2850,2015-2020,large,beige,lambskin,3,good,0.0,0.0,1.0,1.0,1.0,tote,Chanel
270,1850,2015-2020,large,blue,lambskin,2,good,0.0,0.0,1.0,1.0,1.0,tote,Chanel
271,1745,2010-2015,large,blue,lambskin,2,good,0.0,0.0,1.0,1.0,1.0,tote,Chanel
272,1395,2000-2010,xlarge,black,lambskin,3,good,0.0,0.0,1.0,1.0,0.0,tote,Chanel
273,805,2010-2015,large,red,lambskin,2,good,0.0,1.0,1.0,1.0,1.0,tote,Chanel
274,655,0,small,beige,lambskin,0,good,0.0,0.0,1.0,0.0,0.0,tote,Chanel
275,2805,2015-2020,large,black,lambskin,0,excellent,0.0,0.0,1.0,1.0,0.0,tote,Chanel
276,1885,0,large,black,lambskin,2,good,0.0,0.0,1.0,0.0,0.0,tote,Chanel
277,2075,2015-2020,xlarge,blue,lambskin,1,good,0.0,0.0,0.0,1.0,0.0,tote,Chanel
278,1975,2010-2015,large,beige,caviar,3,good,0.0,0.0,1.0,1.0,1.0,tote,Chanel
279,3465,2015-2020,large,black,caviar,2,excellent,0.0,0.0,1.0,1.0,1.0,tote,Chanel
280,3225,2015-2020,large,blue,lambskin,4,excellent,0.0,0.0,1.0,0.0,1.0,tote,Chanel
281,1730,2015-2020,large,multicolor,lambskin,4,excellent,0.0,0.0,1.0,1.0,0.0,tote,Chanel
282,1280,2015-2020,large,black,lambskin,3,fair,0.0,0.0,1.0,0.0,1.0,tote,Chanel
283,2695,0,large,black,caviar,4,good,0.0,0.0,1.0,1.0,1.0,tote,Chanel
284,4295,2015-2020,xlarge,white,lambskin,4,like_new,0.0,0.0,1.0,1.0,0.0,tote,Chanel
285,4295,2015-2020,xlarge,white,lambskin,5,like_new,0.0,0.0,1.0,1.0,0.0,tote,Chanel
286,4395,2015-2020,xlarge,blue,lambskin,4,like_new,0.0,0.0,1.0,1.0,0.0,tote,Chanel
287,4295,2015-2020,xlarge,blue,lambskin,4,like_new,0.0,0.0,1.0,1.0,0.0,tote,Chanel
288,4295,2015-2020,xlarge,blue,lambskin,4,like_new,0.0,0.0,1.0,1.0,0.0,tote,Chanel
289,2655,2015-2020,large,black,lambskin,3,excellent,0.0,0.0,0.0,1.0,0.0,clutch,Chanel
290,1970,2015-2020,mini,black,suede,4,excellent,0.0,0.0,1.0,1.0,0.0,clutch,Chanel
291,595,0,mini,black,patent,0,good,1.0,0.0,0.0,1.0,0.0,clutch,Chanel
292,480,0,large,black,patent,2,good,0.0,1.0,0.0,0.0,0.0,clutch,Chanel
293,1695,2010-2015,large,red,caviar,3,excellent,0.0,0.0,0.0,1.0,1.0,clutch,Chanel
294,950,0,large,beige,lambskin,0,good,0.0,0.0,1.0,0.0,0.0,clutch,Chanel
295,1515,0,mini,red,lambskin,2,excellent,0.0,0.0,1.0,1.0,1.0,clutch,Chanel
296,1745,2000-2010,large,black,caviar,0,good,0.0,0.0,0.0,1.0,1.0,clutch,Chanel
297,2015,0,large,black,caviar,4,excellent,0.0,0.0,0.0,1.0,1.0,clutch,Chanel
298,2020,2000-2010,large,black,caviar,0,excellent,0.0,0.0,0.0,1.0,1.0,clutch,Chanel
299,2320,2000-2010,large,black,caviar,0,excellent,0.0,0.0,0.0,1.0,1.0,clutch,Chanel
300,2295,2000-2010,large,black,caviar,4,excellent,0.0,0.0,0.0,1.0,1.0,clutch,Chanel
301,1570,0,large,black,caviar,0,good,0.0,0.0,0.0,1.0,1.0,clutch,Chanel
302,595,2010-2015,small,black,lambskin,0,good,0.0,0.0,1.0,0.0,0.0,clutch,Chanel
303,735,2010-2015,large,black,tweed,3,excellent,0.0,0.0,0.0,1.0,1.0,clutch,Chanel
304,5510,2015-2020,xlarge,red,lambskin,2,excellent,0.0,0.0,0.0,0.0,1.0,clutch,Chanel
305,4885,2015-2020,large,red,lambskin,2,excellent,0.0,0.0,0.0,0.0,1.0,clutch,Chanel
306,1765,0,large,black,lambskin,2,excellent,0.0,0.0,0.0,1.0,1.0,clutch,Chanel
307,1450,0,mini,red,caviar,4,excellent,0.0,0.0,1.0,1.0,1.0,clutch,Chanel
308,1495,2015-2020,mini,red,caviar,2,excellent,0.0,0.0,1.0,1.0,1.0,clutch,Chanel
309,1095,2015-2020,large,blue,caviar,4,like_new,0.0,0.0,0.0,1.0,1.0,clutch,Chanel
310,2695,2015-2020,mini,black,fur,5,excellent,0.0,0.0,1.0,1.0,0.0,clutch,Chanel
311,2715,0,mini,black,suede,4,good,0.0,0.0,0.0,1.0,1.0,clutch,Chanel
312,3015,2010-2015,mini,white,synthetic,3,excellent,0.0,0.0,0.0,1.0,0.0,clutch,Chanel
313,1035,0,large,beige,caviar,3,excellent,0.0,0.0,0.0,1.0,0.0,clutch,Chanel
314,375,2010-2015,mini,black,lambskin,2,good,0.0,0.0,0.0,1.0,0.0,clutch,Chanel
315,6095,2010-2015,mini,pink,synthetic,0,excellent,0.0,0.0,1.0,1.0,0.0,clutch,Chanel
316,1725,2015-2020,medium,black,lambskin,4,excellent,0.0,0.0,0.0,1.0,0.0,clutch,Chanel
317,2320,2015-2020,medium,black,lambskin,4,excellent,0.0,0.0,0.0,1.0,0.0,clutch,Chanel
318,1030,2010-2015,mini,black,fabric,5,excellent,0.0,0.0,1.0,1.0,1.0,clutch,Chanel
319,1250,2000-2010,mini,red,fabric,0,excellent,0.0,0.0,1.0,0.0,0.0,clutch,Chanel
320,1995,0,large,black,lambskin,3,like_new,0.0,0.0,0.0,0.0,1.0,clutch,Chanel
321,1885,2015-2020,large,black,lambskin,2,excellent,0.0,0.0,0.0,0.0,1.0,clutch,Chanel
322,2295,2015-2020,large,black,lambskin,3,excellent,0.0,0.0,0.0,0.0,1.0,clutch,Chanel
323,1230,2015-2020,medium,blue,caviar,4,excellent,0.0,0.0,0.0,1.0,1.0,clutch,Chanel
324,1095,0,large,blue,lambskin,4,excellent,0.0,0.0,0.0,0.0,1.0,clutch,Chanel
325,2065,2015-2020,mini,black,caviar,5,excellent,0.0,0.0,1.0,0.0,1.0,clutch,Chanel
326,1355,2015-2020,large,metallic,lambskin,2,excellent,0.0,0.0,1.0,1.0,0.0,clutch,Chanel
327,565,2015-2020,mini,grey,lambskin,3,good,0.0,0.0,0.0,0.0,1.0,clutch,Chanel
328,1450,0,mini,pink,lambskin,1,good,0.0,0.0,1.0,1.0,1.0,clutch,Chanel
329,795,2010-2015,large,black,lambskin,3,excellent,0.0,0.0,0.0,1.0,1.0,clutch,Chanel
330,2340,2010-2015,large,black,fabric,1,excellent,0.0,0.0,1.0,0.0,1.0,clutch,Chanel
331,2365,0,mini,black,lambskin,4,excellent,0.0,0.0,1.0,1.0,1.0,clutch,Chanel
332,2140,2015-2020,mini,black,lambskin,4,excellent,0.0,0.0,1.0,1.0,1.0,clutch,Chanel
333,1835,2015-2020,mini,black,caviar,4,like_new,0.0,0.0,1.0,1.0,1.0,clutch,Chanel
334,2995,0,mini,black,lambskin,4,excellent,0.0,0.0,1.0,1.0,1.0,clutch,Chanel
335,620,2015-2020,mini,metallic,lambskin,4,excellent,0.0,0.0,0.0,0.0,1.0,clutch,Chanel
336,500,2015-2020,mini,red,lambskin,4,excellent,0.0,0.0,0.0,1.0,1.0,clutch,Chanel
337,1525,2015-2020,mini,beige,lambskin,2,like_new,0.0,0.0,0.0,0.0,0.0,clutch,Chanel
338,4365,2015-2020,small,black,lambskin,3,like_new,0.0,0.0,1.0,1.0,1.0,clutch,Chanel
339,710,2000-2010,large,metallic,lambskin,0,good,0.0,0.0,0.0,0.0,0.0,clutch,Chanel
340,1645,2015-2020,large,black,caviar,4,like_new,0.0,0.0,0.0,1.0,0.0,clutch,Chanel
341,1355,2015-2020,mini,black,lambskin,3,good,0.0,1.0,1.0,1.0,1.0,clutch,Chanel
342,2695,2015-2020,mini,white,caviar,2,like_new,0.0,0.0,1.0,1.0,1.0,clutch,Chanel
343,1045,2010-2015,mini,white,lambskin,2,excellent,0.0,0.0,0.0,0.0,1.0,clutch,Chanel
344,2605,0,mini,blue,lambskin,5,like_new,0.0,0.0,1.0,1.0,1.0,clutch,Chanel
345,1665,2010-2015,medium,metallic,lambskin,3,excellent,0.0,0.0,0.0,0.0,1.0,clutch,Chanel
346,1975,2015-2020,mini,metallic,lambskin,4,excellent,0.0,0.0,1.0,1.0,1.0,clutch,Chanel
347,1270,2015-2020,mini,black,lambskin,5,good,0.0,0.0,1.0,0.0,1.0,clutch,Chanel
348,2070,2015-2020,mini,metallic,lambskin,4,excellent,0.0,0.0,0.0,0.0,1.0,clutch,Chanel
349,2880,2015-2020,mini,metallic,lambskin,4,like_new,0.0,0.0,1.0,1.0,0.0,clutch,Chanel
350,1845,2015-2020,mini,metallic,lambskin,4,like_new,0.0,0.0,1.0,1.0,0.0,clutch,Chanel
351,2195,2015-2020,mini,metallic,lambskin,4,like_new,0.0,0.0,1.0,1.0,0.0,clutch,Chanel
352,1800,2015-2020,mini,metallic,lambskin,4,like_new,0.0,0.0,1.0,1.0,0.0,clutch,Chanel
353,2000,2015-2020,mini,metallic,lambskin,4,excellent,0.0,0.0,1.0,1.0,0.0,clutch,Chanel
354,2000,2015-2020,mini,metallic,lambskin,4,like_new,0.0,0.0,1.0,1.0,0.0,clutch,Chanel
355,2235,2015-2020,mini,metallic,lambskin,4,like_new,0.0,0.0,1.0,1.0,0.0,clutch,Chanel
356,2235,2015-2020,mini,metallic,lambskin,4,like_new,0.0,0.0,1.0,1.0,0.0,clutch,Chanel
357,2450,2015-2020,mini,purple,lambskin,3,excellent,0.0,0.0,1.0,1.0,1.0,clutch,Chanel
358,1970,0,medium,black,caviar,4,good,0.0,1.0,0.0,1.0,1.0,backpack,Chanel
359,2520,2015-2020,small,white,caviar,0,good,0.0,0.0,1.0,1.0,1.0,backpack,Chanel
360,2370,0,large,brown,lambskin,0,good,1.0,0.0,1.0,1.0,1.0,backpack,Chanel
361,2595,1980s,large,brown,caviar,0,good,0.0,1.0,0.0,1.0,1.0,backpack,Chanel
362,2965,2015-2020,mini,metallic,lambskin,3,like_new,0.0,0.0,1.0,1.0,0.0,backpack,Chanel
363,1560,0,mini,black,caviar,2,good,0.0,1.0,0.0,1.0,0.0,backpack,Chanel
364,2760,2015-2020,mini,black,lambskin,2,excellent,0.0,0.0,1.0,1.0,0.0,backpack,Chanel
365,1495,2015-2020,large,white,synthetic,2,excellent,0.0,0.0,0.0,0.0,0.0,backpack,Chanel
366,3415,2015-2020,mini,blue,caviar,3,excellent,0.0,0.0,1.0,1.0,1.0,backpack,Chanel
367,2495,2015-2020,mini,black,fabric,2,like_new,0.0,0.0,1.0,1.0,0.0,backpack,Chanel
368,2370,2015-2020,mini,black,fabric,3,excellent,0.0,0.0,1.0,1.0,0.0,backpack,Chanel
369,2495,2015-2020,medium,green,fabric,4,like_new,0.0,0.0,0.0,0.0,0.0,backpack,Chanel
370,3235,2015-2020,mini,red,caviar,2,excellent,0.0,0.0,1.0,1.0,1.0,backpack,Chanel
371,2110,2015-2020,large,blue,fabric,3,excellent,0.0,0.0,1.0,1.0,0.0,backpack,Chanel
372,2695,2010-2015,mini,black,lambskin,2,good,0.0,0.0,1.0,1.0,1.0,backpack,Chanel
373,1925,0,large,black,lambskin,2,good,1.0,0.0,1.0,1.0,1.0,backpack,Chanel
374,3425,2015-2020,large,black,lambskin,2,excellent,0.0,0.0,1.0,1.0,1.0,backpack,Chanel
375,2940,2015-2020,small,pink,lambskin,3,like_new,0.0,0.0,1.0,1.0,1.0,backpack,Chanel
376,2595,2010-2015,small,black,lambskin,0,excellent,0.0,0.0,1.0,1.0,1.0,backpack,Chanel
377,2425,2015-2020,mini,blue,fabric,3,like_new,0.0,0.0,1.0,1.0,0.0,backpack,Chanel
378,3595,0,small,black,lambskin,3,excellent,0.0,0.0,1.0,1.0,1.0,backpack,Chanel
379,2965,2015-2020,mini,red,lambskin,3,good,0.0,0.0,1.0,1.0,1.0,backpack,Chanel
380,4790,2015-2020,small,black,caviar,2,excellent,0.0,0.0,1.0,1.0,1.0,backpack,Chanel
381,4220,2010-2015,small,black,caviar,2,excellent,0.0,0.0,1.0,1.0,1.0,backpack,Chanel
382,2075,2015-2020,medium,black,lambskin,2,excellent,0.0,0.0,1.0,1.0,1.0,backpack,Chanel
383,3800,2015-2020,mini,grey,lambskin,3,excellent,0.0,0.0,1.0,1.0,1.0,backpack,Chanel
384,2550,2015-2020,medium,red,lambskin,2,excellent,0.0,0.0,1.0,1.0,1.0,backpack,Chanel
385,3705,0,mini,black,lambskin,4,excellent,0.0,0.0,1.0,1.0,1.0,backpack,Chanel
386,4425,2015-2020,mini,black,lambskin,4,excellent,0.0,0.0,1.0,1.0,1.0,backpack,Chanel
387,2695,0,mini,green,lambskin,0,good,0.0,0.0,1.0,1.0,1.0,backpack,Chanel
388,2965,0,small,black,lambskin,0,good,0.0,0.0,1.0,1.0,1.0,backpack,Chanel
389,3145,2015-2020,small,black,caviar,3,excellent,0.0,0.0,0.0,0.0,1.0,backpack,Chanel
390,3365,2015-2020,mini,brown,lambskin,2,excellent,0.0,0.0,1.0,1.0,1.0,backpack,Chanel
391,2960,2015-2020,mini,pink,lambskin,3,excellent,0.0,0.0,1.0,1.0,1.0,backpack,Chanel
392,2650,2015-2020,small,pink,lambskin,4,excellent,0.0,0.0,1.0,1.0,1.0,backpack,Chanel
393,2495,2015-2020,large,white,fabric,3,excellent,0.0,0.0,0.0,0.0,0.0,backpack,Chanel
394,2845,2015-2020,medium,blue,lambskin,2,good,0.0,0.0,0.0,1.0,1.0,backpack,Chanel
395,3495,2015-2020,large,multicolor,fabric,4,like_new,0.0,0.0,1.0,1.0,0.0,backpack,Chanel
396,3425,2015-2020,small,black,lambskin,3,excellent,0.0,0.0,1.0,0.0,1.0,backpack,Chanel
397,4045,2015-2020,small,black,lambskin,4,excellent,0.0,0.0,0.0,1.0,1.0,backpack,Chanel
398,2995,2015-2020,medium,black,lambskin,2,excellent,0.0,0.0,1.0,1.0,0.0,backpack,Chanel
399,2695,2015-2020,mini,white,lambskin,4,excellent,0.0,0.0,1.0,0.0,1.0,backpack,Chanel
400,4095,2015-2020,mini,metallic,lambskin,3,excellent,0.0,0.0,1.0,1.0,1.0,backpack,Chanel
401,3175,2010-2015,small,white,lambskin,0,excellent,0.0,0.0,1.0,0.0,1.0,backpack,Chanel
402,1950,2010-2015,large,black,lambskin,3,excellent,0.0,0.0,1.0,0.0,0.0,backpack,Chanel
403,2495,0,medium,grey,lambskin,4,excellent,0.0,0.0,1.0,0.0,1.0,backpack,Chanel
404,1250,2015-2020,large,red,suede,2,excellent,0.0,0.0,1.0,1.0,1.0,backpack,Chanel
405,1595,2000-2010,large,red,lambskin,3,good,0.0,0.0,1.0,1.0,0.0,flap_bag,Chanel
406,1035,1990s,small,beige,exotic,0,good,0.0,0.0,1.0,1.0,0.0,flap_bag,Chanel
407,1130,2000-2010,medium,black,fabric,0,good,0.0,1.0,1.0,1.0,0.0,flap_bag,Chanel
408,2115,2010-2015,mini,black,tweed,3,good,0.0,1.0,1.0,1.0,1.0,flap_bag,Chanel
409,1655,2015-2020,medium,blue,lambskin,4,good,0.0,0.0,0.0,1.0,0.0,flap_bag,Chanel
410,3850,2015-2020,medium,beige,caviar,2,excellent,0.0,0.0,1.0,1.0,1.0,flap_bag,Chanel
411,2965,2015-2020,small,white,caviar,3,excellent,0.0,0.0,1.0,1.0,1.0,flap_bag,Chanel
412,3570,2015-2020,small,pink,tweed,4,excellent,0.0,0.0,1.0,1.0,0.0,flap_bag,Chanel
413,2395,2015-2020,mini,white,lambskin,2,good,0.0,0.0,1.0,1.0,0.0,flap_bag,Chanel
414,1755,2010-2015,large,red,lambskin,4,good,0.0,0.0,1.0,1.0,0.0,flap_bag,Chanel
415,1995,2000-2010,medium,red,caviar,0,excellent,0.0,0.0,1.0,1.0,1.0,flap_bag,Chanel
416,2055,2015-2020,mini,red,caviar,2,excellent,0.0,0.0,1.0,1.0,1.0,flap_bag,Chanel
417,1015,0,medium,beige,lambskin,2,good,0.0,1.0,1.0,1.0,0.0,flap_bag,Chanel
418,2750,0,large,black,lambskin,2,excellent,0.0,0.0,1.0,1.0,1.0,flap_bag,Chanel
419,3435,2015-2020,mini,black,lambskin,2,excellent,0.0,0.0,1.0,1.0,1.0,flap_bag,Chanel
420,2395,1990s,medium,black,lambskin,2,good,0.0,0.0,1.0,1.0,1.0,flap_bag,Chanel
421,1065,2000-2010,large,black,synthetic,2,good,0.0,1.0,1.0,1.0,0.0,flap_bag,Chanel
422,1990,2010-2015,large,red,lambskin,0,fair,0.0,0.0,1.0,1.0,1.0,flap_bag,Chanel
423,2665,2015-2020,small,blue,lambskin,5,good,0.0,0.0,1.0,1.0,0.0,flap_bag,Chanel
424,2785,2010-2015,mini,red,caviar,0,good,0.0,0.0,1.0,1.0,1.0,flap_bag,Chanel
425,3130,2010-2015,mini,red,caviar,2,excellent,0.0,0.0,1.0,1.0,1.0,flap_bag,Chanel
426,2550,2010-2015,medium,black,fabric,2,good,0.0,1.0,1.0,1.0,1.0,flap_bag,Chanel
427,4115,2015-2020,large,grey,lambskin,3,excellent,0.0,0.0,1.0,1.0,0.0,flap_bag,Chanel
428,2025,2010-2015,large,brown,lambskin,0,good,0.0,0.0,1.0,1.0,1.0,flap_bag,Chanel
429,1695,2010-2015,large,black,lambskin,3,good,0.0,1.0,1.0,1.0,0.0,flap_bag,Chanel
430,1125,2010-2015,small,beige,lambskin,0,good,0.0,0.0,1.0,1.0,1.0,flap_bag,Chanel
431,1125,0,medium,beige,lambskin,3,good,0.0,0.0,1.0,1.0,1.0,flap_bag,Chanel
432,1080,2010-2015,small,brown,lambskin,0,good,0.0,1.0,1.0,1.0,1.0,flap_bag,Chanel
433,4780,2010-2015,large,red,caviar,2,good,0.0,0.0,1.0,1.0,1.0,flap_bag,Chanel
434,5595,2010-2015,large,red,caviar,2,excellent,0.0,1.0,1.0,1.0,1.0,flap_bag,Chanel
435,4460,2000-2010,large,red,caviar,0,excellent,0.0,0.0,1.0,1.0,1.0,flap_bag,Chanel
436,4995,2015-2020,medium,black,caviar,3,excellent,0.0,0.0,1.0,1.0,1.0,flap_bag,Chanel
437,4135,2010-2015,medium,black,caviar,0,excellent,0.0,1.0,1.0,1.0,1.0,flap_bag,Chanel
438,3320,2015-2020,medium,green,caviar,3,good,0.0,0.0,1.0,1.0,1.0,flap_bag,Chanel
439,4095,2015-2020,medium,green,caviar,2,good,0.0,0.0,1.0,1.0,1.0,flap_bag,Chanel
440,3595,2000-2010,mini,pink,caviar,3,good,0.0,0.0,1.0,1.0,1.0,flap_bag,Chanel
441,2560,2010-2015,medium,blue,fabric,2,good,0.0,1.0,1.0,1.0,0.0,flap_bag,Chanel
442,2895,2010-2015,mini,metallic,exotic,0,good,0.0,0.0,1.0,1.0,0.0,flap_bag,Chanel
443,2150,2010-2015,large,black,lambskin,0,good,0.0,0.0,1.0,1.0,0.0,flap_bag,Chanel
444,2150,2010-2015,large,brown,lambskin,3,good,0.0,0.0,1.0,0.0,0.0,flap_bag,Chanel
445,2750,0,mini,black,lambskin,2,good,0.0,0.0,1.0,1.0,0.0,flap_bag,Chanel
446,6295,2015-2020,large,black,lambskin,3,excellent,0.0,0.0,1.0,1.0,1.0,flap_bag,Chanel
447,1350,2000-2010,large,yellow,fabric,0,good,0.0,0.0,1.0,0.0,0.0,flap_bag,Chanel
448,6445,2015-2020,large,black,lambskin,4,like_new,0.0,0.0,1.0,1.0,1.0,flap_bag,Chanel
449,2965,0,large,metallic,lambskin,0,good,0.0,0.0,1.0,1.0,0.0,flap_bag,Chanel
450,1350,2010-2015,medium,white,lambskin,0,fair,1.0,1.0,1.0,1.0,1.0,flap_bag,Chanel
451,2395,2010-2015,large,green,lambskin,2,fair,0.0,0.0,1.0,1.0,1.0,flap_bag,Chanel
452,2465,2010-2015,medium,red,lambskin,3,excellent,0.0,1.0,1.0,1.0,1.0,flap_bag,Chanel
453,4095,2010-2015,mini,black,lambskin,4,excellent,0.0,0.0,0.0,1.0,1.0,flap_bag,Chanel
454,4115,0,mini,beige,lambskin,3,excellent,0.0,0.0,1.0,1.0,1.0,flap_bag,Chanel
455,2295,0,large,black,caviar,2,good,0.0,0.0,0.0,1.0,1.0,flap_bag,Chanel
456,2295,2000-2010,large,black,caviar,3,good,0.0,0.0,0.0,1.0,1.0,flap_bag,Chanel
457,2035,1990s,large,black,caviar,3,good,0.0,1.0,0.0,1.0,1.0,flap_bag,Chanel
458,2395,2000-2010,large,black,caviar,2,good,0.0,0.0,0.0,1.0,1.0,flap_bag,Chanel
459,2490,2000-2010,large,black,caviar,2,good,0.0,0.0,0.0,1.0,1.0,flap_bag,Chanel
460,2250,2000-2010,large,black,caviar,0,good,0.0,0.0,0.0,1.0,1.0,flap_bag,Chanel
461,3705,2010-2015,large,black,caviar,3,good,0.0,0.0,1.0,1.0,1.0,flap_bag,Chanel
462,4795,2010-2015,large,black,caviar,3,good,0.0,0.0,1.0,1.0,1.0,flap_bag,Chanel
463,3095,2010-2015,large,black,caviar,0,fair,0.0,1.0,1.0,1.0,1.0,flap_bag,Chanel
464,5750,0,large,black,caviar,2,excellent,0.0,0.0,1.0,1.0,1.0,flap_bag,Chanel
465,4395,2010-2015,large,black,caviar,3,excellent,0.0,0.0,1.0,1.0,1.0,flap_bag,Chanel
466,4695,2010-2015,large,black,caviar,3,good,0.0,1.0,1.0,1.0,1.0,flap_bag,Chanel
467,4460,2010-2015,large,black,caviar,3,good,0.0,0.0,1.0,1.0,1.0,flap_bag,Chanel
468,5995,2015-2020,large,black,caviar,5,excellent,0.0,0.0,1.0,1.0,1.0,flap_bag,Chanel
469,4195,2000-2010,large,black,caviar,2,good,0.0,0.0,1.0,1.0,1.0,flap_bag,Chanel
470,4995,2010-2015,medium,red,caviar,0,good,0.0,0.0,1.0,1.0,1.0,flap_bag,Chanel
471,4630,2000-2010,medium,red,caviar,2,good,0.0,0.0,1.0,1.0,1.0,flap_bag,Chanel
472,3225,2000-2010,mini,black,caviar,3,good,0.0,0.0,1.0,1.0,1.0,flap_bag,Chanel
473,2665,1990s,mini,black,caviar,0,good,0.0,0.0,1.0,1.0,1.0,flap_bag,Chanel
474,3170,2000-2010,mini,black,caviar,2,good,0.0,0.0,1.0,1.0,1.0,flap_bag,Chanel
475,5895,0,medium,black,lambskin,4,like_new,0.0,0.0,1.0,1.0,1.0,flap_bag,Chanel
476,5995,2015-2020,medium,black,lambskin,5,like_new,0.0,0.0,1.0,1.0,1.0,flap_bag,Chanel
477,1495,2000-2010,medium,blue,lambskin,2,excellent,0.0,0.0,1.0,1.0,0.0,flap_bag,Chanel
478,2055,2010-2015,mini,beige,lambskin,0,good,0.0,0.0,1.0,1.0,0.0,flap_bag,Chanel
479,3530,2015-2020,small,red,lambskin,2,excellent,0.0,0.0,0.0,1.0,1.0,flap_bag,Chanel
480,1950,2000-2010,medium,black,lambskin,0,good,0.0,0.0,1.0,1.0,1.0,flap_bag,Chanel
481,3225,2010-2015,large,black,lambskin,2,good,1.0,1.0,1.0,1.0,1.0,flap_bag,Chanel
482,2250,2000-2010,large,red,lambskin,2,fair,0.0,0.0,1.0,1.0,1.0,flap_bag,Chanel
483,5505,2015-2020,medium,black,lambskin,4,excellent,0.0,0.0,1.0,1.0,1.0,flap_bag,Chanel
484,6025,0,medium,black,lambskin,4,excellent,0.0,0.0,1.0,1.0,1.0,flap_bag,Chanel
485,6295,2015-2020,medium,black,lambskin,4,excellent,0.0,0.0,1.0,1.0,1.0,flap_bag,Chanel
486,5995,2015-2020,medium,white,lambskin,4,excellent,0.0,0.0,1.0,1.0,1.0,flap_bag,Chanel
487,2450,0,mini,red,lambskin,0,good,0.0,0.0,1.0,1.0,1.0,flap_bag,Chanel
488,2620,2010-2015,mini,red,lambskin,4,good,0.0,0.0,1.0,1.0,1.0,flap_bag,Chanel
489,2695,2010-2015,large,pink,patent,0,good,0.0,0.0,1.0,1.0,1.0,flap_bag,Chanel
490,4595,2010-2015,medium,black,lambskin,4,excellent,0.0,0.0,1.0,1.0,0.0,flap_bag,Chanel
491,4905,2010-2015,large,black,caviar,2,excellent,0.0,1.0,1.0,1.0,1.0,flap_bag,Chanel
492,4855,2010-2015,large,black,caviar,3,excellent,0.0,0.0,1.0,1.0,1.0,flap_bag,Chanel
493,4855,2010-2015,large,black,caviar,0,good,0.0,1.0,1.0,1.0,1.0,flap_bag,Chanel
494,4675,2010-2015,large,black,caviar,0,good,0.0,0.0,1.0,1.0,1.0,flap_bag,Chanel
495,5195,2015-2020,large,black,caviar,3,excellent,0.0,0.0,1.0,1.0,1.0,flap_bag,Chanel
496,4315,2010-2015,large,black,caviar,0,good,0.0,1.0,1.0,1.0,1.0,flap_bag,Chanel
497,5685,2015-2020,large,black,caviar,5,excellent,0.0,0.0,1.0,1.0,1.0,flap_bag,Chanel
498,5145,0,large,black,caviar,3,good,0.0,0.0,1.0,1.0,1.0,flap_bag,Chanel
499,5350,2010-2015,large,black,caviar,0,excellent,0.0,0.0,1.0,1.0,1.0,flap_bag,Chanel
500,4765,2010-2015,large,black,caviar,3,excellent,0.0,0.0,1.0,1.0,1.0,flap_bag,Chanel
501,4765,2010-2015,large,black,caviar,3,excellent,0.0,0.0,1.0,1.0,1.0,flap_bag,Chanel
502,4885,2010-2015,large,black,caviar,3,good,0.0,0.0,1.0,1.0,1.0,flap_bag,Chanel
503,5495,2010-2015,large,black,caviar,2,excellent,0.0,0.0,1.0,1.0,1.0,flap_bag,Chanel
504,4855,2015-2020,large,black,caviar,2,excellent,0.0,0.0,1.0,1.0,1.0,flap_bag,Chanel
505,5315,2010-2015,large,black,caviar,3,excellent,0.0,0.0,1.0,1.0,1.0,flap_bag,Chanel
506,4195,2010-2015,large,white,caviar,2,good,0.0,0.0,1.0,1.0,1.0,flap_bag,Chanel
507,3615,2010-2015,large,black,caviar,0,good,0.0,0.0,1.0,1.0,1.0,flap_bag,Chanel
508,5090,2010-2015,large,black,caviar,4,excellent,0.0,0.0,1.0,1.0,1.0,flap_bag,Chanel
509,3695,2000-2010,large,black,caviar,4,good,0.0,1.0,1.0,1.0,1.0,flap_bag,Chanel
510,4195,2000-2010,large,black,caviar,4,good,0.0,0.0,1.0,1.0,1.0,flap_bag,Chanel
511,3495,2010-2015,large,black,caviar,3,good,0.0,0.0,1.0,1.0,1.0,flap_bag,Chanel
512,5195,2000-2010,medium,blue,caviar,4,excellent,0.0,0.0,1.0,1.0,1.0,flap_bag,Chanel
513,4940,2000-2010,medium,pink,caviar,3,good,0.0,0.0,1.0,1.0,1.0,flap_bag,Chanel
514,4945,0,medium,pink,caviar,4,excellent,0.0,0.0,1.0,1.0,1.0,flap_bag,Chanel
515,4895,2000-2010,medium,pink,caviar,3,excellent,0.0,0.0,1.0,1.0,1.0,flap_bag,Chanel
516,6175,0,small,black,caviar,4,like_new,0.0,0.0,1.0,1.0,1.0,flap_bag,Chanel
517,4080,2010-2015,large,red,lambskin,3,good,0.0,0.0,1.0,1.0,1.0,flap_bag,Chanel
518,4270,2000-2010,medium,black,lambskin,4,excellent,0.0,0.0,1.0,1.0,1.0,flap_bag,Chanel
519,3585,2010-2015,medium,black,lambskin,3,good,0.0,0.0,1.0,1.0,1.0,flap_bag,Chanel
520,4115,2010-2015,medium,black,lambskin,2,good,0.0,1.0,1.0,1.0,1.0,flap_bag,Chanel
521,4365,0,medium,black,lambskin,4,excellent,0.0,0.0,1.0,1.0,1.0,flap_bag,Chanel
522,3865,2010-2015,medium,black,lambskin,0,excellent,0.0,0.0,1.0,1.0,1.0,flap_bag,Chanel
523,2995,2010-2015,medium,green,lambskin,0,good,0.0,0.0,1.0,1.0,1.0,flap_bag,Chanel
524,3320,2015-2020,mini,pink,lambskin,4,like_new,0.0,0.0,1.0,1.0,1.0,flap_bag,Chanel
525,3435,2010-2015,large,black,patent,0,good,0.0,0.0,1.0,1.0,1.0,flap_bag,Chanel
526,1345,2010-2015,small,red,lambskin,0,good,0.0,0.0,1.0,1.0,1.0,flap_bag,Chanel
527,3705,2010-2015,medium,brown,lambskin,0,good,0.0,0.0,1.0,1.0,0.0,flap_bag,Chanel
528,3325,2015-2020,medium,black,caviar,3,good,0.0,0.0,1.0,1.0,1.0,flap_bag,Chanel
529,5295,2015-2020,medium,black,caviar,4,excellent,0.0,0.0,1.0,1.0,1.0,flap_bag,Chanel
530,4070,0,medium,black,caviar,2,good,0.0,0.0,1.0,1.0,1.0,flap_bag,Chanel
531,4595,2010-2015,medium,black,caviar,2,good,0.0,0.0,1.0,1.0,1.0,flap_bag,Chanel
532,6235,2015-2020,medium,black,caviar,4,excellent,0.0,0.0,1.0,1.0,1.0,flap_bag,Chanel
533,4675,2010-2015,medium,black,caviar,3,good,0.0,0.0,1.0,1.0,1.0,flap_bag,Chanel
534,3595,2015-2020,large,blue,caviar,2,good,0.0,0.0,1.0,1.0,1.0,flap_bag,Chanel
535,4115,2015-2020,mini,red,caviar,3,excellent,0.0,0.0,1.0,1.0,1.0,flap_bag,Chanel
536,2980,2010-2015,mini,blue,fabric,3,excellent,0.0,0.0,1.0,0.0,0.0,flap_bag,Chanel
537,2235,2010-2015,large,black,fabric,3,fair,0.0,1.0,1.0,1.0,1.0,flap_bag,Chanel
538,1995,2010-2015,small,blue,fabric,2,good,0.0,0.0,1.0,1.0,1.0,flap_bag,Chanel
539,3815,2015-2020,small,black,lambskin,3,excellent,0.0,0.0,1.0,1.0,1.0,flap_bag,Chanel
540,4900,2015-2020,large,blue,lambskin,3,excellent,0.0,0.0,1.0,1.0,1.0,flap_bag,Chanel
541,3350,2010-2015,large,black,lambskin,0,good,0.0,0.0,1.0,1.0,1.0,flap_bag,Chanel
542,3145,2010-2015,large,black,lambskin,0,good,0.0,0.0,1.0,1.0,1.0,flap_bag,Chanel
543,2795,2000-2010,large,black,lambskin,0,good,0.0,0.0,1.0,1.0,1.0,flap_bag,Chanel
544,2995,2000-2010,medium,red,lambskin,3,good,0.0,0.0,1.0,1.0,1.0,flap_bag,Chanel
545,3320,2015-2020,mini,black,lambskin,4,excellent,0.0,0.0,1.0,1.0,1.0,flap_bag,Chanel
546,2565,0,mini,black,lambskin,0,good,0.0,0.0,1.0,1.0,1.0,flap_bag,Chanel
547,2595,1990s,mini,black,lambskin,2,good,0.0,0.0,1.0,1.0,1.0,flap_bag,Chanel
548,2065,2010-2015,mini,black,lambskin,0,good,0.0,1.0,1.0,1.0,1.0,flap_bag,Chanel
549,1230,2000-2010,medium,black,lambskin,3,good,0.0,1.0,1.0,1.0,0.0,flap_bag,Chanel
550,2605,2010-2015,mini,metallic,fabric,2,excellent,0.0,0.0,1.0,1.0,0.0,flap_bag,Chanel
551,1890,2010-2015,mini,black,lambskin,0,good,0.0,1.0,1.0,1.0,0.0,flap_bag,Chanel
552,2245,2010-2015,large,red,lambskin,0,good,0.0,0.0,1.0,1.0,0.0,flap_bag,Chanel
553,2470,2015-2020,large,red,lambskin,3,good,0.0,0.0,1.0,1.0,1.0,flap_bag,Chanel
554,5145,2015-2020,medium,blue,caviar,4,excellent,0.0,0.0,1.0,1.0,1.0,flap_bag,Chanel
555,1870,2010-2015,large,black,caviar,2,good,0.0,1.0,1.0,1.0,1.0,flap_bag,Chanel
556,4745,0,large,black,caviar,0,excellent,0.0,1.0,1.0,1.0,1.0,flap_bag,Chanel
557,1385,2010-2015,medium,blue,fabric,0,good,0.0,0.0,1.0,1.0,0.0,flap_bag,Chanel
558,4035,2015-2020,medium,black,lambskin,3,excellent,0.0,0.0,0.0,0.0,0.0,flap_bag,Chanel
559,4155,2010-2015,large,black,lambskin,2,good,0.0,0.0,1.0,1.0,1.0,flap_bag,Chanel
560,3595,2010-2015,large,black,lambskin,2,good,0.0,0.0,1.0,1.0,1.0,flap_bag,Chanel
561,4555,0,large,black,lambskin,3,excellent,0.0,0.0,1.0,1.0,1.0,flap_bag,Chanel
562,4195,2010-2015,large,black,lambskin,0,good,0.0,0.0,1.0,1.0,1.0,flap_bag,Chanel
563,5035,0,large,black,lambskin,4,excellent,0.0,0.0,1.0,1.0,1.0,flap_bag,Chanel
564,2470,0,large,black,lambskin,0,good,0.0,1.0,1.0,1.0,1.0,flap_bag,Chanel
565,2245,1990s,large,black,lambskin,2,good,1.0,0.0,1.0,1.0,1.0,flap_bag,Chanel
566,2495,2010-2015,large,pink,lambskin,0,good,0.0,0.0,1.0,1.0,1.0,flap_bag,Chanel
567,2285,0,small,black,lambskin,0,fair,0.0,0.0,1.0,1.0,1.0,flap_bag,Chanel
568,2235,2010-2015,small,black,lambskin,2,good,0.0,0.0,1.0,1.0,1.0,flap_bag,Chanel
569,1795,1990s,small,black,lambskin,0,good,0.0,0.0,1.0,1.0,1.0,flap_bag,Chanel
570,1995,1990s,small,black,lambskin,0,good,0.0,0.0,1.0,1.0,1.0,flap_bag,Chanel
571,2015,1980s,small,black,lambskin,2,good,0.0,1.0,1.0,1.0,1.0,flap_bag,Chanel
572,1580,1990s,small,black,lambskin,0,good,1.0,1.0,1.0,1.0,1.0,flap_bag,Chanel
573,1390,1980s,small,black,lambskin,0,fair,0.0,1.0,1.0,1.0,1.0,flap_bag,Chanel
574,1495,0,small,black,lambskin,0,fair,1.0,0.0,1.0,1.0,1.0,flap_bag,Chanel
575,2150,1980s,small,black,lambskin,2,good,0.0,0.0,1.0,1.0,1.0,flap_bag,Chanel
576,1075,0,medium,metallic,lambskin,2,good,0.0,1.0,1.0,1.0,0.0,flap_bag,Chanel
577,2720,2015-2020,small,black,lambskin,2,good,0.0,0.0,1.0,1.0,1.0,flap_bag,Chanel
578,2220,2010-2015,small,black,lambskin,3,good,0.0,0.0,1.0,1.0,1.0,flap_bag,Chanel
579,2065,2010-2015,large,white,lambskin,0,good,0.0,0.0,1.0,0.0,0.0,flap_bag,Chanel
580,1345,0,small,white,lambskin,3,good,0.0,0.0,1.0,1.0,0.0,flap_bag,Chanel
581,3290,2010-2015,mini,red,lambskin,2,good,0.0,0.0,1.0,0.0,0.0,flap_bag,Chanel
582,2425,2010-2015,large,red,lambskin,3,excellent,0.0,1.0,1.0,1.0,1.0,flap_bag,Chanel
583,3845,2015-2020,medium,red,lambskin,3,good,0.0,0.0,1.0,0.0,1.0,flap_bag,Chanel
584,3190,0,mini,white,fabric,2,like_new,0.0,0.0,1.0,1.0,0.0,flap_bag,Chanel
585,4350,2015-2020,medium,beige,caviar,3,excellent,0.0,0.0,0.0,1.0,1.0,flap_bag,Chanel
586,4135,2015-2020,medium,beige,caviar,3,good,0.0,0.0,1.0,0.0,1.0,flap_bag,Chanel
587,4895,0,medium,blue,caviar,5,like_new,0.0,0.0,1.0,1.0,1.0,flap_bag,Chanel
588,1690,2015-2020,small,yellow,lambskin,0,good,0.0,0.0,1.0,1.0,1.0,flap_bag,Chanel
589,2595,1990s,medium,black,lambskin,2,good,0.0,0.0,1.0,1.0,1.0,flap_bag,Chanel
590,1990,0,medium,black,lambskin,0,fair,0.0,1.0,1.0,1.0,1.0,flap_bag,Chanel
591,2295,0,medium,black,lambskin,0,good,0.0,0.0,1.0,1.0,1.0,flap_bag,Chanel
592,3010,1990s,medium,black,lambskin,0,good,0.0,1.0,1.0,1.0,1.0,flap_bag,Chanel
593,4045,2010-2015,medium,black,lambskin,0,excellent,0.0,0.0,1.0,1.0,1.0,flap_bag,Chanel
594,3795,2010-2015,medium,black,lambskin,2,good,0.0,0.0,1.0,1.0,1.0,flap_bag,Chanel
595,2905,0,medium,black,lambskin,2,good,0.0,0.0,1.0,1.0,1.0,flap_bag,Chanel
596,3325,2000-2010,medium,black,lambskin,0,good,0.0,0.0,1.0,1.0,1.0,flap_bag,Chanel
597,2555,0,small,black,lambskin,2,good,0.0,0.0,1.0,1.0,1.0,flap_bag,Chanel
598,2160,2000-2010,medium,black,lambskin,2,good,0.0,1.0,1.0,1.0,1.0,flap_bag,Chanel
599,1950,1990s,medium,black,lambskin,2,good,0.0,0.0,1.0,1.0,1.0,flap_bag,Chanel
600,1440,0,medium,black,lambskin,0,good,0.0,0.0,1.0,1.0,1.0,flap_bag,Chanel
601,1755,0,medium,black,lambskin,3,good,0.0,0.0,1.0,1.0,1.0,flap_bag,Chanel
602,1950,1990s,medium,black,lambskin,2,good,0.0,0.0,1.0,1.0,1.0,flap_bag,Chanel
603,2595,1990s,medium,black,lambskin,0,good,0.0,0.0,1.0,1.0,1.0,flap_bag,Chanel
604,2495,1990s,medium,black,lambskin,0,good,0.0,0.0,1.0,1.0,1.0,flap_bag,Chanel
605,2700,1980s,medium,black,lambskin,2,good,0.0,0.0,1.0,1.0,1.0,flap_bag,Chanel
606,1595,1990s,medium,black,lambskin,0,good,0.0,0.0,1.0,1.0,1.0,flap_bag,Chanel
607,2805,1990s,small,black,lambskin,2,good,0.0,1.0,1.0,1.0,1.0,flap_bag,Chanel
608,1995,2000-2010,medium,black,lambskin,4,good,0.0,0.0,1.0,1.0,1.0,flap_bag,Chanel
609,1975,0,large,brown,lambskin,2,good,0.0,0.0,1.0,1.0,1.0,flap_bag,Chanel
610,3705,2015-2020,small,red,lambskin,0,excellent,0.0,0.0,1.0,1.0,1.0,flap_bag,Chanel
611,895,2000-2010,small,beige,suede,0,good,0.0,0.0,0.0,0.0,0.0,flap_bag,Chanel
612,1165,2000-2010,medium,black,synthetic,2,good,0.0,0.0,1.0,1.0,0.0,flap_bag,Chanel
613,2665,2015-2020,mini,beige,tweed,3,excellent,0.0,0.0,1.0,1.0,1.0,flap_bag,Chanel
614,3495,2010-2015,medium,blue,lambskin,0,good,0.0,0.0,0.0,1.0,1.0,flap_bag,Chanel
615,2605,2010-2015,small,purple,lambskin,2,excellent,0.0,0.0,1.0,0.0,1.0,flap_bag,Chanel
616,7265,2015-2020,xlarge,black,lambskin,2,excellent,0.0,0.0,1.0,1.0,1.0,flap_bag,Chanel
617,6460,2015-2020,xlarge,black,lambskin,4,excellent,0.0,0.0,1.0,1.0,1.0,flap_bag,Chanel
618,6595,2015-2020,xlarge,black,lambskin,4,like_new,0.0,0.0,1.0,1.0,1.0,flap_bag,Chanel
619,5795,2015-2020,xlarge,brown,lambskin,3,excellent,0.0,0.0,1.0,1.0,1.0,flap_bag,Chanel
620,3595,2010-2015,large,blue,lambskin,3,excellent,0.0,0.0,1.0,1.0,0.0,flap_bag,Chanel
621,1695,2010-2015,large,brown,lambskin,2,good,0.0,1.0,0.0,1.0,0.0,flap_bag,Chanel
622,2675,2015-2020,small,white,lambskin,4,good,0.0,0.0,1.0,1.0,0.0,flap_bag,Chanel
623,2295,2015-2020,mini,red,caviar,4,excellent,1.0,0.0,1.0,1.0,0.0,flap_bag,Chanel
624,3055,2000-2010,medium,white,caviar,4,excellent,0.0,0.0,1.0,0.0,1.0,flap_bag,Chanel
625,2200,2010-2015,large,beige,caviar,0,good,0.0,0.0,1.0,0.0,1.0,flap_bag,Chanel
626,4995,2010-2015,large,blue,caviar,3,excellent,0.0,1.0,1.0,1.0,1.0,flap_bag,Chanel
627,4775,2015-2020,large,blue,caviar,3,excellent,0.0,0.0,1.0,1.0,1.0,flap_bag,Chanel
628,3055,2010-2015,large,grey,caviar,3,good,0.0,0.0,1.0,1.0,1.0,flap_bag,Chanel
629,5695,2015-2020,medium,red,caviar,3,excellent,0.0,0.0,1.0,1.0,1.0,flap_bag,Chanel
630,5150,2015-2020,small,beige,caviar,5,like_new,0.0,0.0,1.0,1.0,1.0,flap_bag,Chanel
631,4405,2015-2020,mini,black,caviar,2,excellent,0.0,0.0,1.0,1.0,1.0,flap_bag,Chanel
632,5145,2010-2015,mini,black,caviar,3,excellent,0.0,0.0,1.0,1.0,1.0,flap_bag,Chanel
633,4140,0,mini,black,caviar,0,excellent,0.0,0.0,1.0,1.0,1.0,flap_bag,Chanel
634,3530,2010-2015,mini,black,caviar,0,good,0.0,0.0,1.0,1.0,1.0,flap_bag,Chanel
635,4260,0,mini,black,caviar,2,excellent,0.0,0.0,1.0,1.0,1.0,flap_bag,Chanel
636,3895,0,mini,black,caviar,0,good,0.0,0.0,1.0,1.0,1.0,flap_bag,Chanel
637,4595,2010-2015,mini,black,caviar,4,excellent,0.0,0.0,1.0,1.0,1.0,flap_bag,Chanel
638,5195,2015-2020,mini,black,caviar,4,excellent,0.0,0.0,1.0,1.0,1.0,flap_bag,Chanel
639,3290,2010-2015,large,grey,caviar,2,good,0.0,0.0,0.0,1.0,1.0,flap_bag,Chanel
640,3795,2015-2020,large,blue,caviar,4,excellent,0.0,0.0,0.0,1.0,1.0,flap_bag,Chanel
641,2280,2010-2015,mini,orange,caviar,4,good,0.0,0.0,1.0,1.0,0.0,flap_bag,Chanel
642,2690,2015-2020,medium,beige,fabric,3,excellent,0.0,0.0,1.0,1.0,0.0,flap_bag,Chanel
643,1610,2000-2010,medium,black,lambskin,3,good,1.0,1.0,1.0,1.0,0.0,flap_bag,Chanel
644,2495,2000-2010,medium,red,lambskin,2,good,0.0,0.0,1.0,1.0,0.0,flap_bag,Chanel
645,3450,2010-2015,medium,pink,lambskin,2,excellent,0.0,0.0,1.0,1.0,1.0,flap_bag,Chanel
646,4735,2015-2020,small,white,lambskin,3,excellent,0.0,0.0,1.0,1.0,1.0,flap_bag,Chanel
647,3995,0,mini,pink,fabric,3,excellent,0.0,0.0,1.0,1.0,0.0,flap_bag,Chanel
648,2995,0,mini,other,lambskin,2,excellent,0.0,0.0,1.0,0.0,1.0,flap_bag,Chanel
649,2860,2010-2015,medium,black,lambskin,2,excellent,0.0,0.0,1.0,1.0,0.0,flap_bag,Chanel
650,4195,2015-2020,mini,green,caviar,4,like_new,0.0,0.0,1.0,1.0,1.0,flap_bag,Chanel
651,4695,2000-2010,medium,pink,caviar,3,excellent,0.0,0.0,1.0,1.0,1.0,flap_bag,Chanel
652,4295,2015-2020,large,black,caviar,2,excellent,0.0,0.0,1.0,1.0,1.0,flap_bag,Chanel
653,4135,2015-2020,large,black,caviar,5,excellent,0.0,0.0,1.0,1.0,1.0,flap_bag,Chanel
654,3985,0,large,black,caviar,5,excellent,0.0,0.0,1.0,1.0,1.0,flap_bag,Chanel
655,2965,0,medium,blue,lambskin,3,excellent,0.0,0.0,1.0,1.0,0.0,flap_bag,Chanel
656,2595,2010-2015,large,black,lambskin,2,good,0.0,0.0,1.0,0.0,1.0,flap_bag,Chanel
657,2560,2000-2010,large,blue,lambskin,2,good,1.0,1.0,1.0,1.0,1.0,flap_bag,Chanel
658,4095,2010-2015,medium,beige,lambskin,2,good,0.0,0.0,1.0,1.0,1.0,flap_bag,Chanel
659,4495,2015-2020,medium,beige,lambskin,3,good,0.0,0.0,1.0,1.0,1.0,flap_bag,Chanel
660,3250,0,mini,pink,lambskin,2,excellent,0.0,0.0,0.0,1.0,1.0,flap_bag,Chanel
661,2995,2010-2015,mini,blue,lambskin,4,good,0.0,0.0,1.0,1.0,1.0,flap_bag,Chanel
662,2715,1990s,large,black,lambskin,0,good,0.0,0.0,1.0,1.0,1.0,flap_bag,Chanel
663,2795,1990s,large,black,lambskin,0,good,0.0,0.0,1.0,1.0,1.0,flap_bag,Chanel
664,3095,1990s,large,black,lambskin,2,good,0.0,0.0,1.0,1.0,1.0,flap_bag,Chanel
665,3095,1990s,large,black,lambskin,2,good,0.0,1.0,1.0,1.0,1.0,flap_bag,Chanel
666,3530,1990s,large,black,lambskin,0,good,1.0,1.0,1.0,1.0,1.0,flap_bag,Chanel
667,3530,1990s,large,black,lambskin,2,good,0.0,0.0,1.0,1.0,1.0,flap_bag,Chanel
668,3495,0,large,black,lambskin,3,good,0.0,1.0,1.0,1.0,1.0,flap_bag,Chanel
669,900,2000-2010,medium,multicolor,lambskin,2,good,0.0,0.0,0.0,1.0,0.0,flap_bag,Chanel
670,2775,0,medium,blue,lambskin,4,excellent,0.0,0.0,1.0,1.0,0.0,flap_bag,Chanel
671,2695,2015-2020,medium,blue,0,2,good,0.0,0.0,1.0,1.0,1.0,flap_bag,Chanel
672,2995,2015-2020,mini,pink,lambskin,3,excellent,0.0,0.0,1.0,1.0,1.0,flap_bag,Chanel
673,3995,2015-2020,medium,red,lambskin,4,excellent,0.0,0.0,1.0,1.0,1.0,flap_bag,Chanel
674,3995,2015-2020,medium,blue,lambskin,4,excellent,0.0,0.0,1.0,1.0,1.0,flap_bag,Chanel
675,2965,2010-2015,medium,blue,lambskin,4,excellent,0.0,0.0,1.0,1.0,0.0,flap_bag,Chanel
676,1915,0,small,grey,lambskin,3,good,0.0,0.0,1.0,1.0,0.0,flap_bag,Chanel
677,4235,2015-2020,mini,beige,lambskin,3,excellent,0.0,0.0,1.0,1.0,1.0,flap_bag,Chanel
678,4240,2010-2015,large,beige,caviar,0,good,0.0,0.0,1.0,1.0,1.0,flap_bag,Chanel
679,5295,0,large,beige,caviar,0,excellent,0.0,0.0,1.0,1.0,1.0,flap_bag,Chanel
680,4840,2010-2015,large,beige,caviar,2,excellent,0.0,0.0,1.0,1.0,1.0,flap_bag,Chanel
681,4495,2010-2015,large,beige,caviar,3,excellent,0.0,0.0,1.0,1.0,1.0,flap_bag,Chanel
682,3995,2010-2015,large,beige,caviar,2,good,0.0,1.0,1.0,1.0,1.0,flap_bag,Chanel
683,6095,2010-2015,large,beige,caviar,2,excellent,0.0,0.0,1.0,1.0,1.0,flap_bag,Chanel
684,4045,2000-2010,large,beige,caviar,2,excellent,0.0,0.0,1.0,1.0,1.0,flap_bag,Chanel
685,4570,2000-2010,large,beige,caviar,3,excellent,0.0,0.0,1.0,1.0,1.0,flap_bag,Chanel
686,3150,2015-2020,large,black,caviar,3,excellent,0.0,0.0,1.0,1.0,1.0,flap_bag,Chanel
687,4135,2010-2015,large,black,caviar,2,excellent,0.0,0.0,1.0,1.0,1.0,flap_bag,Chanel
688,1435,2015-2020,large,black,lambskin,2,good,0.0,0.0,1.0,1.0,1.0,flap_bag,Chanel
689,2560,2010-2015,large,beige,lambskin,0,good,0.0,0.0,1.0,1.0,1.0,flap_bag,Chanel
690,3375,2015-2020,medium,blue,lambskin,3,good,0.0,0.0,1.0,1.0,1.0,flap_bag,Chanel
691,4295,2010-2015,large,blue,lambskin,2,good,0.0,0.0,1.0,1.0,1.0,flap_bag,Chanel
692,1795,2000-2010,large,red,lambskin,2,excellent,0.0,0.0,1.0,0.0,1.0,flap_bag,Chanel
693,3220,2015-2020,large,pink,lambskin,0,good,0.0,0.0,1.0,1.0,1.0,flap_bag,Chanel
694,2430,2015-2020,large,beige,lambskin,3,good,0.0,0.0,1.0,1.0,1.0,flap_bag,Chanel
695,2405,2010-2015,medium,white,lambskin,2,good,1.0,0.0,1.0,1.0,1.0,flap_bag,Chanel
696,2560,2015-2020,medium,black,lambskin,3,good,0.0,0.0,1.0,1.0,1.0,flap_bag,Chanel
697,2570,2010-2015,medium,black,lambskin,2,good,0.0,1.0,1.0,1.0,1.0,flap_bag,Chanel
698,3805,2010-2015,mini,black,lambskin,4,excellent,0.0,0.0,1.0,1.0,1.0,flap_bag,Chanel
699,3295,2015-2020,mini,pink,lambskin,3,excellent,0.0,1.0,1.0,1.0,1.0,flap_bag,Chanel
700,1895,1980s,small,black,lambskin,3,good,0.0,0.0,1.0,1.0,1.0,flap_bag,Chanel
701,1995,1990s,small,black,lambskin,0,good,0.0,0.0,1.0,1.0,1.0,flap_bag,Chanel
702,3995,2010-2015,mini,metallic,lambskin,4,excellent,0.0,0.0,1.0,1.0,0.0,flap_bag,Chanel
703,1255,2000-2010,xlarge,black,patent,0,good,0.0,0.0,1.0,1.0,0.0,flap_bag,Chanel
704,3010,2015-2020,mini,black,lambskin,3,excellent,0.0,0.0,1.0,1.0,1.0,flap_bag,Chanel
705,3510,2010-2015,small,grey,lambskin,3,good,0.0,0.0,1.0,0.0,1.0,flap_bag,Chanel
706,3035,2015-2020,small,black,lambskin,4,excellent,0.0,0.0,1.0,1.0,1.0,flap_bag,Chanel
707,2295,2010-2015,medium,black,lambskin,3,good,0.0,0.0,1.0,1.0,0.0,flap_bag,Chanel
708,4575,0,mini,grey,caviar,4,excellent,0.0,0.0,1.0,1.0,1.0,flap_bag,Chanel
709,2845,0,large,blue,lambskin,2,good,0.0,0.0,1.0,1.0,1.0,flap_bag,Chanel
710,2595,2010-2015,large,black,lambskin,3,good,0.0,1.0,1.0,1.0,1.0,flap_bag,Chanel
711,2595,2010-2015,medium,brown,lambskin,2,good,0.0,0.0,1.0,1.0,1.0,flap_bag,Chanel
712,4250,2010-2015,small,black,lambskin,2,excellent,0.0,0.0,1.0,1.0,1.0,flap_bag,Chanel
713,4200,2015-2020,mini,black,lambskin,3,good,0.0,0.0,1.0,1.0,0.0,flap_bag,Chanel
714,5190,2015-2020,mini,black,lambskin,4,excellent,0.0,0.0,1.0,1.0,0.0,flap_bag,Chanel
715,3450,2010-2015,medium,beige,lambskin,3,good,0.0,0.0,1.0,1.0,1.0,flap_bag,Chanel
716,4735,2010-2015,large,beige,caviar,0,good,0.0,1.0,1.0,1.0,1.0,flap_bag,Chanel
717,2695,2010-2015,large,red,lambskin,2,good,0.0,0.0,1.0,1.0,0.0,flap_bag,Chanel
718,1035,2010-2015,large,beige,lambskin,3,fair,1.0,0.0,1.0,1.0,1.0,flap_bag,Chanel
719,2695,2010-2015,medium,brown,lambskin,0,good,0.0,0.0,1.0,1.0,0.0,flap_bag,Chanel
720,4950,2015-2020,large,red,caviar,3,excellent,0.0,0.0,0.0,1.0,1.0,flap_bag,Chanel
721,1015,0,large,blue,lambskin,0,fair,0.0,0.0,0.0,1.0,0.0,flap_bag,Chanel
722,1010,2010-2015,large,other,lambskin,0,good,0.0,0.0,0.0,1.0,0.0,flap_bag,Chanel
723,1795,2010-2015,medium,red,lambskin,2,good,0.0,0.0,1.0,1.0,0.0,flap_bag,Chanel
724,3235,2015-2020,mini,blue,lambskin,4,like_new,0.0,0.0,1.0,1.0,1.0,flap_bag,Chanel
725,3115,0,large,beige,lambskin,2,fair,0.0,0.0,1.0,1.0,1.0,flap_bag,Chanel
726,1650,1980s,xlarge,black,lambskin,0,good,0.0,1.0,1.0,0.0,1.0,flap_bag,Chanel
727,3895,2010-2015,large,blue,lambskin,3,excellent,0.0,0.0,1.0,1.0,1.0,flap_bag,Chanel
728,4045,2015-2020,medium,metallic,caviar,4,excellent,0.0,0.0,1.0,1.0,1.0,flap_bag,Chanel
729,4240,2015-2020,mini,orange,fabric,4,excellent,0.0,0.0,1.0,1.0,0.0,flap_bag,Chanel
730,1725,2000-2010,mini,grey,fabric,2,excellent,0.0,0.0,1.0,1.0,0.0,flap_bag,Chanel
731,3295,2010-2015,large,red,lambskin,3,good,1.0,0.0,1.0,0.0,1.0,flap_bag,Chanel
732,2785,2010-2015,medium,black,lambskin,2,good,0.0,1.0,1.0,1.0,0.0,flap_bag,Chanel
733,2245,2010-2015,large,grey,lambskin,3,good,0.0,0.0,1.0,1.0,0.0,flap_bag,Chanel
734,2595,2010-2015,large,black,lambskin,2,good,0.0,1.0,1.0,1.0,1.0,flap_bag,Chanel
735,2215,2010-2015,large,black,lambskin,3,good,0.0,0.0,1.0,1.0,1.0,flap_bag,Chanel
736,3395,0,large,blue,caviar,3,good,0.0,0.0,1.0,1.0,1.0,flap_bag,Chanel
737,5145,2015-2020,small,red,caviar,6,like_new,0.0,0.0,1.0,1.0,1.0,flap_bag,Chanel
738,3145,2015-2020,medium,red,caviar,2,good,0.0,0.0,1.0,1.0,1.0,flap_bag,Chanel
739,2905,0,large,red,caviar,3,good,0.0,0.0,1.0,1.0,1.0,flap_bag,Chanel
740,1515,2010-2015,large,beige,caviar,2,fair,0.0,0.0,1.0,1.0,1.0,flap_bag,Chanel
741,2900,2015-2020,small,blue,caviar,4,excellent,0.0,0.0,1.0,1.0,1.0,flap_bag,Chanel
742,3295,2015-2020,mini,blue,caviar,4,excellent,0.0,0.0,1.0,0.0,1.0,flap_bag,Chanel
743,3335,2015-2020,mini,red,caviar,4,excellent,0.0,0.0,1.0,1.0,1.0,flap_bag,Chanel
744,595,2010-2015,small,pink,lambskin,3,fair,1.0,0.0,1.0,1.0,0.0,flap_bag,Chanel
745,2605,2015-2020,medium,black,lambskin,3,excellent,0.0,0.0,1.0,1.0,0.0,flap_bag,Chanel
746,3025,2010-2015,medium,blue,lambskin,3,excellent,0.0,0.0,1.0,1.0,1.0,flap_bag,Chanel
747,1945,2010-2015,medium,brown,caviar,2,good,0.0,0.0,1.0,1.0,1.0,flap_bag,Chanel
748,3330,2015-2020,mini,black,lambskin,4,excellent,0.0,0.0,1.0,1.0,1.0,flap_bag,Chanel
749,3235,2015-2020,mini,pink,lambskin,4,excellent,0.0,0.0,1.0,1.0,1.0,flap_bag,Chanel
750,2350,2015-2020,small,blue,lambskin,3,good,0.0,0.0,1.0,1.0,1.0,flap_bag,Chanel
751,2610,2010-2015,large,orange,lambskin,4,fair,1.0,0.0,1.0,1.0,1.0,flap_bag,Chanel
752,3195,2010-2015,large,purple,lambskin,3,good,0.0,0.0,1.0,1.0,1.0,flap_bag,Chanel
753,2995,2010-2015,large,metallic,lambskin,2,excellent,0.0,0.0,1.0,1.0,1.0,flap_bag,Chanel
754,1515,0,mini,metallic,exotic,0,fair,1.0,0.0,1.0,0.0,0.0,flap_bag,Chanel
755,3695,1990s,large,black,fabric,2,excellent,0.0,0.0,1.0,1.0,1.0,flap_bag,Chanel
756,3395,0,large,grey,lambskin,3,excellent,0.0,0.0,1.0,0.0,1.0,flap_bag,Chanel
757,1900,0,large,grey,lambskin,2,good,0.0,0.0,1.0,0.0,1.0,flap_bag,Chanel
758,1610,2010-2015,large,orange,lambskin,0,fair,1.0,0.0,1.0,1.0,1.0,flap_bag,Chanel
759,4030,2015-2020,medium,blue,lambskin,0,excellent,0.0,0.0,1.0,1.0,1.0,flap_bag,Chanel
760,5795,2010-2015,xlarge,green,lambskin,3,excellent,0.0,0.0,1.0,1.0,1.0,flap_bag,Chanel
761,3595,2010-2015,large,red,lambskin,3,excellent,0.0,0.0,1.0,0.0,0.0,flap_bag,Chanel
762,4550,2015-2020,large,black,caviar,3,excellent,0.0,0.0,1.0,1.0,1.0,flap_bag,Chanel
763,3115,2015-2020,small,white,caviar,2,excellent,0.0,0.0,1.0,1.0,1.0,flap_bag,Chanel
764,4995,2015-2020,large,black,lambskin,3,excellent,0.0,0.0,1.0,1.0,1.0,flap_bag,Chanel
765,2995,2015-2020,mini,black,lambskin,3,excellent,0.0,0.0,1.0,1.0,1.0,flap_bag,Chanel
766,2390,2010-2015,large,metallic,lambskin,0,fair,1.0,1.0,1.0,1.0,1.0,flap_bag,Chanel
767,1885,1980s,mini,black,patent,0,good,1.0,0.0,1.0,1.0,1.0,flap_bag,Chanel
768,1995,2010-2015,large,beige,suede,2,good,0.0,0.0,1.0,1.0,1.0,flap_bag,Chanel
769,2700,2000-2010,mini,black,fabric,2,good,0.0,1.0,1.0,1.0,1.0,flap_bag,Chanel
770,3420,0,mini,black,lambskin,4,excellent,0.0,0.0,1.0,0.0,1.0,flap_bag,Chanel
771,3375,2015-2020,mini,black,lambskin,4,excellent,0.0,0.0,1.0,0.0,1.0,flap_bag,Chanel
772,3845,2010-2015,small,black,lambskin,0,good,0.0,0.0,1.0,0.0,1.0,flap_bag,Chanel
773,4985,0,small,black,lambskin,4,excellent,0.0,0.0,1.0,0.0,1.0,flap_bag,Chanel
774,3695,0,small,black,lambskin,0,good,0.0,0.0,1.0,0.0,1.0,flap_bag,Chanel
775,3695,0,small,black,lambskin,3,good,0.0,0.0,1.0,0.0,1.0,flap_bag,Chanel
776,4050,2010-2015,small,brown,lambskin,4,excellent,0.0,0.0,1.0,0.0,1.0,flap_bag,Chanel
777,4945,2000-2010,large,black,lambskin,3,excellent,0.0,0.0,1.0,0.0,1.0,flap_bag,Chanel
778,4835,2010-2015,large,black,lambskin,3,excellent,0.0,1.0,1.0,0.0,1.0,flap_bag,Chanel
779,4045,2010-2015,large,black,lambskin,3,excellent,0.0,0.0,1.0,0.0,1.0,flap_bag,Chanel
780,4405,2000-2010,large,black,lambskin,4,excellent,0.0,0.0,1.0,0.0,1.0,flap_bag,Chanel
781,4365,2010-2015,large,black,lambskin,0,excellent,0.0,0.0,1.0,0.0,1.0,flap_bag,Chanel
782,3285,2010-2015,large,black,lambskin,3,excellent,0.0,1.0,1.0,0.0,1.0,flap_bag,Chanel
783,3170,0,mini,black,lambskin,4,excellent,0.0,0.0,1.0,1.0,1.0,flap_bag,Chanel
784,3995,2015-2020,small,black,caviar,2,excellent,0.0,0.0,0.0,1.0,1.0,flap_bag,Chanel
785,3795,2015-2020,small,black,caviar,3,excellent,0.0,0.0,0.0,1.0,1.0,flap_bag,Chanel
786,1150,2000-2010,large,beige,caviar,3,good,0.0,0.0,0.0,0.0,1.0,flap_bag,Chanel
787,4550,2015-2020,medium,multicolor,caviar,3,excellent,0.0,0.0,1.0,1.0,1.0,flap_bag,Chanel
788,3955,0,small,black,caviar,3,excellent,0.0,0.0,1.0,1.0,1.0,flap_bag,Chanel
789,1595,2010-2015,medium,red,lambskin,2,good,0.0,0.0,1.0,1.0,0.0,flap_bag,Chanel
790,5660,2015-2020,small,beige,caviar,0,excellent,0.0,0.0,1.0,1.0,1.0,flap_bag,Chanel
791,2195,0,mini,pink,lambskin,2,good,0.0,0.0,1.0,1.0,1.0,flap_bag,Chanel
792,3370,2015-2020,large,blue,lambskin,3,good,1.0,1.0,1.0,1.0,1.0,flap_bag,Chanel
793,3705,2015-2020,mini,blue,lambskin,4,excellent,0.0,0.0,1.0,1.0,1.0,flap_bag,Chanel
794,2455,2015-2020,mini,pink,lambskin,2,good,1.0,0.0,0.0,1.0,1.0,flap_bag,Chanel
795,2420,2000-2010,large,metallic,lambskin,0,good,0.0,0.0,1.0,1.0,1.0,flap_bag,Chanel
796,2995,2010-2015,mini,red,lambskin,4,good,0.0,0.0,1.0,1.0,1.0,flap_bag,Chanel
797,1125,0,large,grey,synthetic,0,fair,0.0,0.0,1.0,1.0,1.0,flap_bag,Chanel
798,3695,2015-2020,mini,beige,lambskin,3,excellent,0.0,0.0,1.0,0.0,1.0,flap_bag,Chanel
799,4320,2015-2020,mini,black,lambskin,4,excellent,0.0,0.0,1.0,0.0,1.0,flap_bag,Chanel
800,4250,2015-2020,mini,black,lambskin,5,excellent,0.0,0.0,1.0,0.0,1.0,flap_bag,Chanel
801,3740,2015-2020,mini,black,lambskin,4,excellent,0.0,0.0,1.0,0.0,1.0,flap_bag,Chanel
802,3295,2015-2020,mini,green,lambskin,4,excellent,0.0,0.0,1.0,0.0,1.0,flap_bag,Chanel
803,4595,2015-2020,medium,black,lambskin,4,excellent,0.0,1.0,1.0,1.0,1.0,flap_bag,Chanel
804,4045,2015-2020,medium,beige,caviar,3,excellent,0.0,0.0,1.0,1.0,1.0,flap_bag,Chanel
805,3795,2015-2020,small,black,caviar,5,excellent,0.0,0.0,1.0,1.0,1.0,flap_bag,Chanel
806,3635,2015-2020,large,white,caviar,4,good,0.0,0.0,0.0,1.0,1.0,flap_bag,Chanel
807,4150,2015-2020,large,black,caviar,1,good,0.0,0.0,1.0,1.0,1.0,flap_bag,Chanel
808,4095,2015-2020,large,black,caviar,5,excellent,0.0,0.0,1.0,1.0,1.0,flap_bag,Chanel
809,4595,2015-2020,small,black,caviar,3,like_new,0.0,0.0,1.0,1.0,1.0,flap_bag,Chanel
810,4365,2015-2020,small,black,caviar,3,excellent,0.0,0.0,1.0,1.0,1.0,flap_bag,Chanel
811,4185,2015-2020,small,black,caviar,4,excellent,0.0,0.0,1.0,1.0,1.0,flap_bag,Chanel
812,4245,2015-2020,small,black,caviar,2,excellent,0.0,0.0,1.0,1.0,1.0,flap_bag,Chanel
813,2840,2010-2015,medium,black,lambskin,2,excellent,0.0,0.0,1.0,1.0,1.0,flap_bag,Chanel
814,2695,2015-2020,mini,beige,lambskin,4,excellent,0.0,0.0,0.0,1.0,0.0,flap_bag,Chanel
815,4095,2015-2020,medium,pink,lambskin,5,like_new,0.0,0.0,1.0,1.0,1.0,flap_bag,Chanel
816,3815,2015-2020,large,beige,lambskin,3,good,0.0,0.0,1.0,0.0,1.0,flap_bag,Chanel
817,710,2000-2010,medium,white,lambskin,2,good,0.0,0.0,1.0,0.0,1.0,flap_bag,Chanel
818,750,2000-2010,medium,white,lambskin,2,good,0.0,0.0,1.0,0.0,1.0,flap_bag,Chanel
819,1755,2010-2015,mini,white,lambskin,0,good,0.0,0.0,1.0,1.0,1.0,flap_bag,Chanel
820,1395,0,medium,brown,lambskin,2,good,0.0,0.0,1.0,1.0,1.0,flap_bag,Chanel
821,4275,2010-2015,large,other,lambskin,3,excellent,0.0,0.0,1.0,1.0,1.0,flap_bag,Chanel
822,3295,0,large,blue,lambskin,4,good,0.0,0.0,0.0,1.0,1.0,flap_bag,Chanel
823,5295,2015-2020,large,black,caviar,5,like_new,0.0,0.0,1.0,1.0,1.0,flap_bag,Chanel
824,2335,2015-2020,mini,pink,caviar,0,excellent,0.0,0.0,1.0,1.0,1.0,flap_bag,Chanel
825,4135,2015-2020,large,black,caviar,4,excellent,0.0,0.0,1.0,1.0,1.0,flap_bag,Chanel
826,2775,2010-2015,large,red,patent,0,good,0.0,0.0,0.0,0.0,1.0,flap_bag,Chanel
827,1970,2010-2015,large,red,patent,2,good,0.0,1.0,0.0,0.0,1.0,flap_bag,Chanel
828,4185,2010-2015,large,red,lambskin,3,excellent,0.0,0.0,1.0,1.0,1.0,flap_bag,Chanel
829,3145,0,mini,other,lambskin,3,excellent,0.0,0.0,1.0,0.0,0.0,flap_bag,Chanel
830,2395,2000-2010,large,metallic,lambskin,3,good,0.0,0.0,1.0,0.0,0.0,flap_bag,Chanel
831,3595,0,medium,metallic,lambskin,3,excellent,0.0,0.0,1.0,1.0,1.0,flap_bag,Chanel
832,2715,2010-2015,large,pink,patent,2,good,1.0,0.0,1.0,1.0,1.0,flap_bag,Chanel
833,2205,2015-2020,mini,black,lambskin,3,good,1.0,0.0,1.0,1.0,1.0,flap_bag,Chanel
834,2395,0,medium,blue,fabric,3,good,0.0,0.0,1.0,1.0,1.0,flap_bag,Chanel
835,1800,2010-2015,large,red,lambskin,2,fair,1.0,0.0,1.0,0.0,0.0,flap_bag,Chanel
836,2655,2010-2015,large,red,lambskin,3,good,0.0,0.0,1.0,0.0,1.0,flap_bag,Chanel
837,3910,2015-2020,small,beige,lambskin,5,excellent,0.0,0.0,1.0,1.0,1.0,flap_bag,Chanel
838,1885,2010-2015,large,black,lambskin,0,good,0.0,0.0,1.0,1.0,0.0,flap_bag,Chanel
839,1660,0,large,black,lambskin,0,fair,0.0,1.0,1.0,1.0,0.0,flap_bag,Chanel
840,3635,0,large,black,caviar,2,good,0.0,0.0,1.0,1.0,1.0,flap_bag,Chanel
841,3585,2015-2020,large,beige,lambskin,4,good,1.0,1.0,1.0,1.0,0.0,flap_bag,Chanel
842,2860,2010-2015,mini,pink,caviar,3,good,0.0,0.0,1.0,1.0,1.0,flap_bag,Chanel
843,3700,2015-2020,mini,black,lambskin,3,excellent,0.0,0.0,1.0,1.0,1.0,flap_bag,Chanel
844,1855,2000-2010,large,other,lambskin,2,good,0.0,0.0,1.0,0.0,1.0,flap_bag,Chanel
845,2695,0,mini,metallic,lambskin,2,good,0.0,0.0,1.0,0.0,1.0,flap_bag,Chanel
846,3220,0,mini,metallic,lambskin,3,excellent,0.0,0.0,1.0,0.0,1.0,flap_bag,Chanel
847,2745,2010-2015,large,metallic,lambskin,0,excellent,0.0,0.0,1.0,0.0,1.0,flap_bag,Chanel
848,2450,2010-2015,mini,black,lambskin,0,good,0.0,0.0,1.0,1.0,0.0,flap_bag,Chanel
849,3115,2010-2015,small,metallic,lambskin,0,good,0.0,0.0,1.0,1.0,0.0,flap_bag,Chanel
850,3410,0,medium,black,lambskin,3,excellent,0.0,0.0,1.0,1.0,1.0,flap_bag,Chanel
851,4195,2015-2020,mini,orange,tweed,4,excellent,0.0,0.0,1.0,1.0,1.0,flap_bag,Chanel
852,4395,2015-2020,mini,orange,tweed,4,like_new,0.0,0.0,1.0,1.0,1.0,flap_bag,Chanel
853,2655,2010-2015,large,brown,lambskin,3,good,0.0,1.0,1.0,1.0,1.0,flap_bag,Chanel
854,1800,2010-2015,small,red,fabric,2,good,0.0,1.0,1.0,1.0,1.0,flap_bag,Chanel
855,3415,0,large,black,lambskin,4,good,0.0,0.0,1.0,1.0,1.0,flap_bag,Chanel
856,2845,2015-2020,mini,yellow,fabric,0,excellent,0.0,0.0,1.0,1.0,1.0,flap_bag,Chanel
857,4260,2015-2020,small,red,caviar,3,like_new,0.0,0.0,1.0,1.0,1.0,flap_bag,Chanel
858,1165,2000-2010,small,white,lambskin,2,good,0.0,0.0,1.0,1.0,0.0,flap_bag,Chanel
859,4660,2015-2020,mini,black,caviar,3,excellent,0.0,0.0,1.0,1.0,1.0,flap_bag,Chanel
860,4295,2015-2020,mini,black,caviar,2,excellent,0.0,0.0,1.0,1.0,1.0,flap_bag,Chanel
861,4995,0,mini,black,caviar,4,excellent,0.0,0.0,1.0,1.0,1.0,flap_bag,Chanel
862,4260,2015-2020,mini,black,caviar,3,excellent,0.0,0.0,1.0,1.0,1.0,flap_bag,Chanel
863,5725,2015-2020,small,blue,caviar,4,excellent,0.0,0.0,1.0,1.0,1.0,flap_bag,Chanel
864,6095,2015-2020,medium,purple,lambskin,3,excellent,0.0,0.0,1.0,1.0,1.0,flap_bag,Chanel
865,2695,2015-2020,small,green,lambskin,2,excellent,0.0,0.0,1.0,1.0,1.0,flap_bag,Chanel
866,2115,2010-2015,medium,grey,0,3,excellent,0.0,0.0,1.0,1.0,1.0,flap_bag,Chanel
867,7040,2015-2020,xlarge,black,lambskin,5,like_new,0.0,0.0,1.0,1.0,1.0,flap_bag,Chanel
868,6260,2015-2020,xlarge,black,lambskin,2,excellent,0.0,0.0,1.0,1.0,1.0,flap_bag,Chanel
869,3530,2015-2020,mini,blue,lambskin,3,good,0.0,0.0,1.0,1.0,0.0,flap_bag,Chanel
870,4570,2015-2020,large,beige,caviar,3,excellent,0.0,0.0,1.0,1.0,1.0,flap_bag,Chanel
871,2015,2010-2015,large,red,lambskin,0,good,0.0,0.0,1.0,1.0,1.0,flap_bag,Chanel
872,3315,2010-2015,medium,pink,caviar,3,excellent,0.0,0.0,1.0,1.0,1.0,flap_bag,Chanel
873,2655,2015-2020,medium,metallic,caviar,3,good,0.0,0.0,1.0,1.0,1.0,flap_bag,Chanel
874,3195,2010-2015,mini,metallic,lambskin,3,good,0.0,0.0,1.0,1.0,1.0,flap_bag,Chanel
875,3295,2010-2015,medium,brown,lambskin,0,excellent,0.0,0.0,1.0,1.0,1.0,flap_bag,Chanel
876,3145,2010-2015,mini,metallic,lambskin,3,excellent,0.0,0.0,1.0,1.0,1.0,flap_bag,Chanel
877,3835,0,mini,blue,lambskin,4,like_new,0.0,0.0,1.0,0.0,1.0,flap_bag,Chanel
878,2880,2015-2020,large,black,lambskin,3,good,0.0,0.0,1.0,1.0,1.0,flap_bag,Chanel
879,4630,2015-2020,large,red,lambskin,4,excellent,0.0,0.0,1.0,0.0,1.0,flap_bag,Chanel
880,3415,2010-2015,mini,brown,lambskin,4,excellent,0.0,0.0,1.0,0.0,1.0,flap_bag,Chanel
881,4045,2010-2015,large,beige,lambskin,3,excellent,0.0,1.0,1.0,0.0,1.0,flap_bag,Chanel
882,3095,2010-2015,mini,beige,lambskin,3,good,0.0,0.0,0.0,1.0,1.0,flap_bag,Chanel
883,4095,2015-2020,large,grey,caviar,5,excellent,0.0,0.0,1.0,1.0,1.0,flap_bag,Chanel
884,2470,2015-2020,medium,green,fabric,0,good,0.0,0.0,1.0,1.0,0.0,flap_bag,Chanel
885,3985,2015-2020,small,blue,lambskin,3,excellent,0.0,0.0,1.0,1.0,1.0,flap_bag,Chanel
886,2225,0,large,metallic,lambskin,2,good,0.0,0.0,1.0,1.0,1.0,flap_bag,Chanel
887,1050,0,medium,metallic,lambskin,0,good,0.0,0.0,1.0,0.0,0.0,flap_bag,Chanel
888,4595,0,mini,purple,lambskin,4,excellent,0.0,0.0,1.0,1.0,1.0,flap_bag,Chanel
889,4340,0,mini,beige,lambskin,4,like_new,0.0,0.0,1.0,0.0,1.0,flap_bag,Chanel
890,3375,2015-2020,mini,beige,lambskin,4,like_new,0.0,0.0,1.0,0.0,1.0,flap_bag,Chanel
891,3920,2015-2020,mini,black,lambskin,4,like_new,0.0,0.0,1.0,0.0,1.0,flap_bag,Chanel
892,3995,2015-2020,large,blue,lambskin,3,excellent,0.0,0.0,1.0,1.0,1.0,flap_bag,Chanel
893,1250,2000-2010,large,black,lambskin,2,good,0.0,0.0,1.0,0.0,1.0,flap_bag,Chanel
894,4045,2015-2020,mini,pink,lambskin,4,like_new,0.0,0.0,1.0,0.0,1.0,flap_bag,Chanel
895,4080,2015-2020,mini,pink,lambskin,4,like_new,0.0,0.0,1.0,0.0,1.0,flap_bag,Chanel
896,3955,2015-2020,mini,pink,lambskin,4,like_new,0.0,0.0,1.0,0.0,1.0,flap_bag,Chanel
897,2335,2015-2020,small,black,lambskin,4,excellent,0.0,0.0,1.0,1.0,1.0,flap_bag,Chanel
898,5955,2015-2020,xlarge,metallic,lambskin,3,excellent,0.0,0.0,1.0,1.0,1.0,flap_bag,Chanel
899,4260,2015-2020,mini,pink,caviar,4,excellent,0.0,0.0,1.0,1.0,1.0,flap_bag,Chanel
900,4945,2015-2020,large,black,lambskin,4,excellent,0.0,0.0,1.0,0.0,1.0,flap_bag,Chanel
901,4165,2015-2020,large,black,lambskin,2,excellent,0.0,0.0,1.0,0.0,1.0,flap_bag,Chanel
902,1995,2010-2015,large,white,tweed,0,good,0.0,0.0,1.0,0.0,1.0,flap_bag,Chanel
903,3505,2015-2020,large,blue,caviar,3,excellent,0.0,0.0,1.0,1.0,1.0,flap_bag,Chanel
904,2995,2015-2020,mini,blue,lambskin,4,excellent,0.0,0.0,1.0,1.0,1.0,flap_bag,Chanel
905,5450,2015-2020,large,metallic,lambskin,2,excellent,0.0,0.0,1.0,1.0,1.0,flap_bag,Chanel
906,4115,2015-2020,medium,green,lambskin,0,good,0.0,0.0,1.0,0.0,1.0,flap_bag,Chanel
907,4745,2015-2020,medium,green,lambskin,4,excellent,0.0,0.0,1.0,0.0,1.0,flap_bag,Chanel
908,2930,2000-2010,small,grey,lambskin,0,excellent,0.0,0.0,1.0,0.0,1.0,flap_bag,Chanel
909,1765,0,large,metallic,lambskin,2,good,0.0,1.0,1.0,0.0,1.0,flap_bag,Chanel
910,2155,2000-2010,large,blue,lambskin,0,good,0.0,0.0,1.0,0.0,1.0,flap_bag,Chanel
911,1705,2000-2010,large,metallic,lambskin,0,good,1.0,0.0,1.0,0.0,1.0,flap_bag,Chanel
912,2465,2000-2010,large,metallic,lambskin,3,excellent,0.0,0.0,1.0,0.0,1.0,flap_bag,Chanel
913,5005,2015-2020,xlarge,metallic,lambskin,3,excellent,0.0,0.0,1.0,1.0,1.0,flap_bag,Chanel
914,3865,2015-2020,large,pink,lambskin,3,excellent,0.0,0.0,1.0,0.0,1.0,flap_bag,Chanel
915,4630,2015-2020,small,beige,caviar,5,like_new,0.0,0.0,1.0,1.0,1.0,flap_bag,Chanel
916,1885,2010-2015,medium,black,fabric,2,excellent,0.0,0.0,1.0,1.0,1.0,flap_bag,Chanel
917,5145,0,medium,pink,lambskin,0,excellent,0.0,0.0,1.0,1.0,1.0,flap_bag,Chanel
918,1995,2010-2015,large,beige,lambskin,3,good,0.0,0.0,1.0,1.0,1.0,flap_bag,Chanel
919,5740,2015-2020,medium,grey,lambskin,4,excellent,0.0,0.0,1.0,1.0,1.0,flap_bag,Chanel
920,4555,2015-2020,medium,grey,lambskin,4,excellent,0.0,0.0,1.0,1.0,1.0,flap_bag,Chanel
921,4855,2015-2020,medium,grey,lambskin,3,excellent,0.0,0.0,1.0,1.0,1.0,flap_bag,Chanel
922,2995,2000-2010,small,blue,lambskin,4,good,0.0,0.0,1.0,0.0,0.0,flap_bag,Chanel
923,2785,2000-2010,small,metallic,lambskin,3,good,0.0,0.0,1.0,0.0,1.0,flap_bag,Chanel
924,1770,0,large,other,lambskin,2,good,0.0,0.0,1.0,0.0,1.0,flap_bag,Chanel
925,3655,0,mini,green,lambskin,3,like_new,0.0,0.0,1.0,0.0,1.0,flap_bag,Chanel
926,7440,2015-2020,xlarge,black,lambskin,4,like_new,0.0,0.0,1.0,1.0,1.0,flap_bag,Chanel
927,3685,2015-2020,medium,black,lambskin,2,excellent,0.0,0.0,1.0,1.0,1.0,flap_bag,Chanel
928,3595,2010-2015,large,black,lambskin,2,excellent,0.0,1.0,1.0,0.0,1.0,flap_bag,Chanel
929,2270,2000-2010,large,black,lambskin,0,fair,0.0,0.0,1.0,0.0,1.0,flap_bag,Chanel
930,3605,2015-2020,mini,metallic,lambskin,4,excellent,0.0,0.0,1.0,0.0,1.0,flap_bag,Chanel
931,1660,0,large,green,lambskin,0,good,0.0,0.0,1.0,1.0,1.0,flap_bag,Chanel
932,1290,2015-2020,mini,black,lambskin,1,good,0.0,0.0,0.0,0.0,1.0,flap_bag,Chanel
933,1430,2010-2015,mini,black,lambskin,4,excellent,0.0,0.0,0.0,0.0,1.0,flap_bag,Chanel
934,1420,2015-2020,mini,black,lambskin,1,good,0.0,0.0,0.0,0.0,1.0,flap_bag,Chanel
935,2185,2010-2015,mini,metallic,lambskin,2,excellent,0.0,0.0,1.0,1.0,0.0,flap_bag,Chanel
936,3240,2015-2020,small,blue,lambskin,3,excellent,0.0,0.0,1.0,1.0,1.0,flap_bag,Chanel
937,4365,2015-2020,large,blue,lambskin,3,excellent,0.0,1.0,1.0,1.0,1.0,flap_bag,Chanel
938,5295,2010-2015,medium,pink,lambskin,5,excellent,0.0,0.0,1.0,1.0,1.0,flap_bag,Chanel
939,1345,2000-2010,large,metallic,lambskin,2,fair,0.0,0.0,1.0,0.0,1.0,flap_bag,Chanel
940,3795,2015-2020,mini,black,lambskin,4,excellent,0.0,0.0,1.0,1.0,1.0,flap_bag,Chanel
941,1230,2000-2010,mini,black,fabric,0,good,0.0,0.0,1.0,1.0,1.0,flap_bag,Chanel
942,2895,2010-2015,mini,grey,lambskin,0,excellent,0.0,0.0,1.0,1.0,1.0,flap_bag,Chanel
943,3535,2015-2020,small,multicolor,lambskin,4,excellent,0.0,0.0,1.0,1.0,1.0,flap_bag,Chanel
944,2995,2015-2020,small,multicolor,lambskin,4,excellent,0.0,0.0,1.0,1.0,1.0,flap_bag,Chanel
945,3055,2010-2015,medium,pink,lambskin,3,excellent,0.0,0.0,1.0,1.0,1.0,flap_bag,Chanel
946,4320,0,large,beige,lambskin,0,good,0.0,0.0,1.0,1.0,1.0,flap_bag,Chanel
947,3250,2015-2020,medium,metallic,lambskin,2,good,0.0,0.0,1.0,1.0,1.0,flap_bag,Chanel
948,3105,2015-2020,large,black,lambskin,3,good,0.0,1.0,0.0,1.0,0.0,flap_bag,Chanel
949,3030,2015-2020,large,black,lambskin,5,excellent,0.0,0.0,0.0,1.0,0.0,flap_bag,Chanel
950,4195,2015-2020,medium,pink,lambskin,3,excellent,0.0,0.0,1.0,0.0,0.0,flap_bag,Chanel
951,3705,2015-2020,mini,metallic,lambskin,4,like_new,0.0,0.0,1.0,0.0,0.0,flap_bag,Chanel
952,4000,0,mini,metallic,lambskin,4,like_new,0.0,0.0,1.0,0.0,0.0,flap_bag,Chanel
953,3500,2015-2020,mini,metallic,lambskin,4,like_new,0.0,0.0,1.0,0.0,0.0,flap_bag,Chanel
954,3695,0,mini,pink,lambskin,4,like_new,0.0,0.0,1.0,0.0,0.0,flap_bag,Chanel
955,3595,2015-2020,mini,metallic,lambskin,2,good,0.0,0.0,1.0,0.0,0.0,flap_bag,Chanel
956,4615,2015-2020,mini,pink,lambskin,3,like_new,0.0,0.0,1.0,0.0,0.0,flap_bag,Chanel
957,4615,2015-2020,mini,pink,lambskin,4,like_new,0.0,0.0,1.0,0.0,0.0,flap_bag,Chanel
958,3240,0,mini,pink,lambskin,4,excellent,0.0,0.0,1.0,0.0,0.0,flap_bag,Chanel
959,680,0,xlarge,white,lambskin,0,fair,1.0,0.0,0.0,1.0,0.0,hand_bag,Chanel
960,1005,2000-2010,xlarge,blue,fabric,3,good,0.0,1.0,0.0,1.0,0.0,hand_bag,Chanel
961,755,2000-2010,xlarge,blue,fabric,2,fair,0.0,0.0,0.0,1.0,0.0,hand_bag,Chanel
962,2550,2015-2020,large,red,tweed,3,like_new,0.0,0.0,1.0,0.0,0.0,hand_bag,Chanel
963,2220,2015-2020,small,black,lambskin,3,good,0.0,0.0,1.0,1.0,1.0,hand_bag,Chanel
964,2160,2010-2015,large,blue,caviar,3,excellent,0.0,0.0,1.0,1.0,1.0,hand_bag,Chanel
965,4675,0,medium,other,lambskin,5,like_new,0.0,0.0,1.0,1.0,1.0,hand_bag,Chanel
966,4045,2015-2020,medium,black,lambskin,3,excellent,0.0,0.0,1.0,1.0,0.0,hand_bag,Chanel
967,2495,2010-2015,large,brown,lambskin,2,good,0.0,0.0,1.0,0.0,0.0,hand_bag,Chanel
968,660,0,medium,other,lambskin,0,fair,0.0,1.0,1.0,0.0,0.0,hand_bag,Chanel
969,1510,2010-2015,large,black,lambskin,0,good,0.0,1.0,1.0,0.0,0.0,hand_bag,Chanel
970,2560,2015-2020,xlarge,white,fabric,4,like_new,0.0,0.0,0.0,0.0,0.0,hand_bag,Chanel
971,2335,2015-2020,large,beige,lambskin,2,excellent,0.0,0.0,1.0,1.0,1.0,hand_bag,Chanel
972,1575,0,large,beige,lambskin,2,fair,1.0,0.0,1.0,1.0,1.0,hand_bag,Chanel
973,1090,2010-2015,large,black,lambskin,0,good,0.0,1.0,1.0,0.0,0.0,hand_bag,Chanel
974,985,2010-2015,large,black,lambskin,2,good,0.0,0.0,1.0,0.0,0.0,hand_bag,Chanel
975,1295,2010-2015,xlarge,black,lambskin,4,good,0.0,1.0,1.0,0.0,0.0,hand_bag,Chanel
976,860,1990s,large,pink,caviar,2,good,0.0,1.0,1.0,1.0,0.0,shoulder,Chanel
977,750,1990s,large,pink,caviar,0,fair,0.0,1.0,1.0,1.0,0.0,shoulder,Chanel
978,1270,0,large,black,lambskin,0,fair,1.0,0.0,1.0,1.0,0.0,shoulder,Chanel
979,905,0,large,black,lambskin,0,good,0.0,0.0,0.0,1.0,0.0,shoulder,Chanel
980,595,1990s,small,black,lambskin,0,good,0.0,0.0,0.0,1.0,0.0,shoulder,Chanel
981,1345,1990s,large,blue,caviar,2,good,0.0,1.0,1.0,1.0,0.0,shoulder,Chanel
982,1290,1990s,mini,black,caviar,2,good,0.0,0.0,0.0,1.0,1.0,shoulder,Chanel
983,930,0,large,blue,lambskin,3,fair,0.0,1.0,1.0,0.0,1.0,shoulder,Chanel
984,1040,0,large,black,lambskin,3,good,0.0,1.0,1.0,0.0,1.0,shoulder,Chanel
985,850,1980s,small,black,lambskin,0,good,0.0,0.0,1.0,0.0,1.0,shoulder,Chanel
986,995,0,large,black,lambskin,0,good,0.0,1.0,1.0,0.0,1.0,shoulder,Chanel
987,905,1980s,xlarge,black,lambskin,2,good,0.0,0.0,1.0,0.0,1.0,shoulder,Chanel
988,1295,0,small,black,caviar,0,good,0.0,0.0,1.0,1.0,1.0,shoulder,Chanel
989,1150,0,medium,red,lambskin,0,good,0.0,0.0,1.0,0.0,1.0,shoulder,Chanel
990,1095,1990s,large,blue,lambskin,2,good,0.0,0.0,1.0,1.0,1.0,shoulder,Chanel
991,1645,2000-2010,mini,black,fur,0,good,0.0,0.0,0.0,0.0,0.0,shoulder,Chanel
992,1660,0,xlarge,black,lambskin,2,good,0.0,0.0,1.0,1.0,1.0,shoulder,Chanel
993,895,0,small,black,lambskin,0,good,0.0,1.0,0.0,1.0,0.0,shoulder,Chanel
994,805,0,large,blue,lambskin,0,fair,0.0,0.0,0.0,1.0,1.0,shoulder,Chanel
995,1255,2000-2010,small,beige,lambskin,2,good,0.0,0.0,1.0,1.0,1.0,shoulder,Chanel
996,975,2000-2010,large,black,lambskin,0,fair,0.0,1.0,1.0,1.0,0.0,shoulder,Chanel
997,1160,2010-2015,xlarge,blue,caviar,2,good,0.0,1.0,1.0,1.0,1.0,shoulder,Chanel
998,995,2000-2010,large,black,fabric,0,good,0.0,1.0,1.0,0.0,1.0,shoulder,Chanel
999,1830,2010-2015,mini,brown,lambskin,0,excellent,0.0,0.0,1.0,0.0,0.0,shoulder,Chanel
1000,1110,2010-2015,xlarge,black,caviar,0,good,0.0,0.0,1.0,1.0,1.0,shoulder,Chanel
1001,1115,2010-2015,xlarge,white,caviar,2,good,1.0,0.0,1.0,1.0,1.0,shoulder,Chanel
1002,520,2000-2010,small,beige,suede,0,good,0.0,0.0,1.0,0.0,0.0,shoulder,Chanel
1003,2065,2015-2020,medium,black,lambskin,3,excellent,0.0,0.0,1.0,0.0,0.0,shoulder,Chanel
1004,900,2000-2010,large,black,lambskin,3,good,0.0,0.0,1.0,1.0,0.0,shoulder,Chanel
1005,795,2000-2010,mini,beige,lambskin,4,good,0.0,0.0,1.0,0.0,0.0,shoulder,Chanel
1006,3750,2015-2020,mini,grey,caviar,3,excellent,0.0,0.0,1.0,1.0,1.0,crossbody,Chanel
1007,2515,2015-2020,mini,pink,caviar,2,excellent,0.0,0.0,1.0,1.0,1.0,crossbody,Chanel
1008,3655,2015-2020,small,black,caviar,4,excellent,0.0,0.0,1.0,1.0,1.0,crossbody,Chanel
1009,2035,1990s,small,white,lambskin,0,good,0.0,1.0,1.0,1.0,0.0,crossbody,Chanel
1010,1260,0,small,black,synthetic,2,excellent,0.0,0.0,1.0,0.0,0.0,crossbody,Chanel
1011,820,2010-2015,mini,black,lambskin,2,good,0.0,0.0,1.0,1.0,0.0,crossbody,Chanel
1012,3395,2015-2020,mini,yellow,caviar,4,excellent,0.0,0.0,1.0,0.0,1.0,crossbody,Chanel
1013,1795,2010-2015,mini,metallic,lambskin,3,excellent,0.0,0.0,1.0,0.0,0.0,crossbody,Chanel
1014,1525,2010-2015,mini,metallic,lambskin,4,excellent,0.0,0.0,1.0,0.0,0.0,crossbody,Chanel
1015,1150,2015-2020,small,multicolor,fabric,4,excellent,0.0,0.0,1.0,0.0,0.0,crossbody,Chanel
1016,1210,2015-2020,small,multicolor,fabric,4,like_new,0.0,0.0,1.0,0.0,0.0,crossbody,Chanel
1017,1560,2010-2015,mini,red,lambskin,2,good,0.0,0.0,1.0,0.0,1.0,crossbody,Chanel
1018,2940,0,small,green,lambskin,4,excellent,0.0,0.0,1.0,1.0,1.0,crossbody,Chanel
1019,920,0,small,black,lambskin,0,fair,0.0,0.0,1.0,0.0,1.0,crossbody,Chanel
1020,2495,2015-2020,mini,red,lambskin,4,excellent,0.0,0.0,1.0,0.0,1.0,crossbody,Chanel
1021,1935,2015-2020,mini,pink,lambskin,4,excellent,0.0,0.0,1.0,0.0,1.0,crossbody,Chanel
1022,2655,2015-2020,mini,beige,lambskin,4,excellent,0.0,0.0,1.0,1.0,1.0,crossbody,Chanel
1023,565,2000-2010,medium,black,lambskin,2,fair,0.0,0.0,1.0,1.0,1.0,crossbody,Chanel
1024,1265,2000-2010,mini,purple,lambskin,3,excellent,0.0,0.0,1.0,0.0,1.0,crossbody,Chanel
1025,985,0,mini,purple,lambskin,0,good,0.0,1.0,1.0,0.0,1.0,crossbody,Chanel
1026,3695,2015-2020,mini,black,caviar,4,like_new,0.0,0.0,1.0,1.0,1.0,crossbody,Chanel
1027,1795,0,mini,metallic,caviar,4,excellent,0.0,0.0,1.0,0.0,1.0,crossbody,Chanel
1028,1595,2000-2010,large,black,lambskin,0,good,0.0,1.0,1.0,0.0,1.0,crossbody,Chanel
1029,2795,2015-2020,mini,black,lambskin,3,excellent,0.0,0.0,1.0,0.0,1.0,crossbody,Chanel
1030,2750,2015-2020,mini,black,lambskin,5,excellent,0.0,0.0,1.0,1.0,1.0,waist_bag,Chanel
1031,2260,0,mini,blue,lambskin,4,excellent,0.0,0.0,1.0,1.0,0.0,waist_bag,Chanel
1032,2465,0,mini,black,lambskin,2,excellent,0.0,0.0,1.0,0.0,1.0,waist_bag,Chanel
1033,2100,0,large,black,lambskin,4,good,0.0,0.0,1.0,1.0,1.0,waist_bag,Chanel
1034,2140,2015-2020,mini,red,lambskin,5,excellent,0.0,0.0,1.0,1.0,0.0,waist_bag,Chanel
1035,2040,2015-2020,large,blue,lambskin,4,excellent,0.0,0.0,1.0,1.0,1.0,waist_bag,Chanel
1036,2550,0,mini,black,lambskin,3,excellent,0.0,0.0,1.0,1.0,0.0,waist_bag,Chanel
1037,2425,2015-2020,mini,blue,caviar,3,excellent,0.0,0.0,1.0,1.0,1.0,waist_bag,Chanel
1038,2160,2015-2020,small,black,caviar,3,good,0.0,0.0,1.0,1.0,0.0,waist_bag,Chanel
1039,2275,2015-2020,large,metallic,0,4,excellent,0.0,0.0,1.0,0.0,1.0,waist_bag,Chanel
1040,2550,2015-2020,large,yellow,lambskin,2,excellent,0.0,0.0,1.0,1.0,1.0,waist_bag,Chanel
1041,2595,2015-2020,mini,pink,lambskin,3,excellent,0.0,0.0,0.0,1.0,0.0,vanity_case,Chanel
1042,3320,2015-2020,mini,beige,lambskin,4,excellent,0.0,0.0,1.0,0.0,0.0,vanity_case,Chanel
1043,3325,0,small,red,caviar,3,excellent,0.0,0.0,1.0,1.0,1.0,vanity_case,Chanel
1044,3795,2015-2020,small,red,caviar,3,excellent,0.0,0.0,1.0,1.0,1.0,vanity_case,Chanel
1045,3995,2010-2015,small,red,caviar,2,excellent,0.0,0.0,1.0,1.0,1.0,vanity_case,Chanel
1046,3955,2015-2020,mini,red,caviar,3,excellent,0.0,0.0,1.0,1.0,1.0,vanity_case,Chanel
1047,3325,0,mini,red,caviar,1,good,0.0,0.0,1.0,1.0,1.0,vanity_case,Chanel
1048,4495,0,small,beige,caviar,1,good,0.0,0.0,1.0,1.0,1.0,vanity_case,Chanel
1049,2075,1990s,large,black,caviar,2,good,0.0,0.0,1.0,1.0,1.0,vanity_case,Chanel
1050,2595,2015-2020,mini,red,caviar,4,excellent,0.0,0.0,1.0,1.0,1.0,vanity_case,Chanel
1051,2550,0,mini,black,caviar,4,excellent,0.0,0.0,1.0,1.0,1.0,vanity_case,Chanel
1052,4195,2015-2020,mini,black,caviar,3,like_new,0.0,0.0,1.0,1.0,1.0,vanity_case,Chanel
1053,4695,2015-2020,small,beige,caviar,4,excellent,0.0,0.0,1.0,1.0,1.0,vanity_case,Chanel
1054,4595,0,mini,beige,caviar,2,excellent,0.0,0.0,1.0,1.0,1.0,vanity_case,Chanel
1055,3895,2015-2020,mini,black,caviar,4,excellent,0.0,0.0,1.0,1.0,1.0,vanity_case,Chanel
1056,3030,2015-2020,mini,metallic,caviar,1,good,0.0,0.0,1.0,1.0,1.0,vanity_case,Chanel
1057,280,0,mini,other,0,0,good,0.0,0.0,1.0,0.0,0.0,shoulder_bag,Chanel
1058,570,0,large,brown,suede,0,good,0.0,1.0,0.0,0.0,0.0,shoulder_bag,Chanel
1059,225,0,mini,beige,lambskin,0,good,0.0,1.0,0.0,1.0,0.0,shoulder_bag,Chanel
1060,635,0,xlarge,black,lambskin,0,good,1.0,0.0,0.0,0.0,1.0,shoulder_bag,Chanel
1061,850,2000-2010,xlarge,beige,lambskin,2,good,0.0,1.0,1.0,1.0,0.0,shoulder_bag,Chanel
1062,1010,2000-2010,xlarge,black,lambskin,3,good,0.0,0.0,1.0,1.0,0.0,shoulder_bag,Chanel
1063,1230,2000-2010,xlarge,black,lambskin,0,good,0.0,0.0,1.0,1.0,0.0,shoulder_bag,Chanel
1064,470,0,mini,other,lambskin,2,good,0.0,0.0,1.0,1.0,0.0,shoulder_bag,Chanel
1065,660,0,xlarge,white,lambskin,2,fair,0.0,1.0,1.0,0.0,1.0,shoulder_bag,Chanel
1066,1550,0,large,black,lambskin,3,good,1.0,0.0,0.0,1.0,0.0,shoulder_bag,Chanel
1067,1915,2015-2020,small,black,caviar,2,excellent,0.0,0.0,0.0,1.0,1.0,shoulder_bag,Chanel
1068,3095,2015-2020,mini,blue,fabric,2,like_new,0.0,0.0,1.0,0.0,0.0,shoulder_bag,Chanel
1069,550,2000-2010,large,brown,lambskin,0,good,0.0,0.0,0.0,1.0,0.0,shoulder_bag,Chanel
1070,885,0,large,blue,lambskin,2,good,0.0,1.0,1.0,1.0,0.0,shoulder_bag,Chanel
1071,1645,2015-2020,mini,beige,fabric,2,excellent,0.0,0.0,1.0,1.0,0.0,shoulder_bag,Chanel
1072,2680,2015-2020,large,black,fabric,2,like_new,0.0,0.0,1.0,0.0,0.0,shoulder_bag,Chanel
1073,1055,0,large,red,lambskin,3,good,0.0,0.0,1.0,1.0,0.0,shoulder_bag,Chanel
1074,405,2000-2010,large,metallic,fabric,0,good,0.0,0.0,0.0,0.0,0.0,shoulder_bag,Chanel
1075,1405,0,mini,red,lambskin,0,good,0.0,1.0,0.0,1.0,0.0,shoulder_bag,Chanel
1076,1250,2010-2015,large,green,fabric,2,good,0.0,0.0,0.0,1.0,1.0,shoulder_bag,Chanel
1077,655,2000-2010,mini,black,fabric,2,good,0.0,0.0,1.0,0.0,1.0,shoulder_bag,Chanel
1078,1165,2010-2015,large,blue,caviar,4,fair,0.0,1.0,1.0,0.0,1.0,shoulder_bag,Chanel
1079,1325,2010-2015,large,blue,caviar,4,fair,0.0,0.0,1.0,1.0,1.0,shoulder_bag,Chanel
1080,3105,2015-2020,small,grey,caviar,5,excellent,0.0,0.0,1.0,1.0,1.0,shoulder_bag,Chanel
1081,1895,2015-2020,xlarge,black,fabric,2,good,0.0,0.0,0.0,0.0,1.0,shoulder_bag,Chanel
1082,1850,2010-2015,large,red,lambskin,3,excellent,0.0,0.0,1.0,0.0,0.0,shoulder_bag,Chanel
1083,615,2000-2010,xlarge,white,lambskin,2,good,0.0,0.0,1.0,1.0,0.0,shoulder_bag,Chanel
1084,1115,0,large,beige,caviar,1,good,0.0,0.0,1.0,1.0,1.0,shoulder_bag,Chanel
1085,2245,0,large,black,caviar,2,excellent,0.0,0.0,1.0,1.0,1.0,shoulder_bag,Chanel
1086,2995,2015-2020,large,blue,lambskin,2,excellent,0.0,0.0,1.0,0.0,0.0,shoulder_bag,Chanel
1087,760,2000-2010,xlarge,metallic,lambskin,2,good,0.0,0.0,1.0,0.0,0.0,shoulder_bag,Chanel
1088,760,2000-2010,small,black,lambskin,0,good,0.0,0.0,0.0,0.0,0.0,shoulder_bag,Chanel
1089,1040,2010-2015,xlarge,black,lambskin,3,good,0.0,0.0,1.0,0.0,0.0,shoulder_bag,Chanel
1090,665,2000-2010,mini,black,lambskin,0,good,0.0,0.0,0.0,1.0,1.0,shoulder_bag,Chanel
1091,2375,2015-2020,xlarge,black,fabric,5,excellent,0.0,0.0,0.0,1.0,0.0,shoulder_bag,Chanel
1092,995,2000-2010,xlarge,grey,lambskin,3,good,0.0,0.0,1.0,1.0,0.0,shoulder_bag,Chanel
1093,3190,2015-2020,mini,black,lambskin,2,excellent,0.0,0.0,1.0,0.0,0.0,shoulder_bag,Chanel
1094,1885,0,large,brown,lambskin,0,good,0.0,0.0,1.0,1.0,1.0,shoulder_bag,Chanel
1095,1150,2010-2015,mini,black,patent,3,good,0.0,0.0,0.0,1.0,1.0,shoulder_bag,Chanel
1096,1415,2010-2015,mini,blue,patent,2,good,0.0,0.0,1.0,1.0,1.0,shoulder_bag,Chanel
1097,1890,2015-2020,xlarge,black,synthetic,4,excellent,0.0,0.0,1.0,0.0,0.0,shoulder_bag,Chanel
1098,3850,2015-2020,small,black,lambskin,4,good,0.0,1.0,1.0,1.0,0.0,shoulder_bag,Chanel
1099,2420,2015-2020,xlarge,pink,lambskin,2,excellent,0.0,0.0,1.0,1.0,1.0,shoulder_bag,Chanel
1100,710,0,small,black,lambskin,0,good,0.0,1.0,1.0,1.0,1.0,shoulder_bag,Chanel
1101,3600,2015-2020,large,black,lambskin,2,excellent,0.0,0.0,1.0,1.0,1.0,shoulder_bag,Chanel
1102,690,0,mini,black,lambskin,1,good,0.0,1.0,0.0,0.0,0.0,shoulder_bag,Chanel
1103,4840,2010-2015,mini,metallic,synthetic,3,excellent,0.0,0.0,1.0,0.0,0.0,shoulder_bag,Chanel
1104,2775,2015-2020,mini,black,lambskin,4,excellent,0.0,1.0,1.0,1.0,1.0,shoulder_bag,Chanel
1105,4610,2015-2020,large,black,caviar,3,excellent,0.0,0.0,0.0,0.0,0.0,shoulder_bag,Chanel
1106,800,2000-2010,large,blue,fabric,0,good,0.0,1.0,1.0,1.0,1.0,shoulder_bag,Chanel
1107,2335,0,mini,beige,fabric,3,good,0.0,0.0,1.0,1.0,0.0,shoulder_bag,Chanel
1108,2555,2015-2020,mini,blue,lambskin,2,excellent,0.0,0.0,1.0,0.0,1.0,shoulder_bag,Chanel
1109,2245,2015-2020,small,beige,caviar,3,excellent,0.0,0.0,1.0,1.0,0.0,shoulder_bag,Chanel
1110,1275,0,large,red,caviar,1,good,0.0,1.0,1.0,1.0,1.0,shoulder_bag,Chanel
1111,2595,0,mini,red,lambskin,3,excellent,0.0,1.0,1.0,0.0,0.0,shoulder_bag,Chanel
1112,3095,2015-2020,large,black,lambskin,2,excellent,0.0,0.0,1.0,1.0,1.0,shoulder_bag,Chanel
1113,3085,2015-2020,large,black,lambskin,4,excellent,0.0,0.0,1.0,1.0,1.0,shoulder_bag,Chanel
1114,3630,2015-2020,large,black,lambskin,3,excellent,0.0,1.0,1.0,1.0,1.0,shoulder_bag,Chanel
1115,2075,2015-2020,large,white,lambskin,2,good,0.0,0.0,1.0,1.0,1.0,shoulder_bag,Chanel
1116,3295,2015-2020,medium,grey,lambskin,4,excellent,0.0,0.0,1.0,1.0,1.0,shoulder_bag,Chanel
1117,3055,0,large,grey,lambskin,2,excellent,0.0,0.0,1.0,1.0,1.0,shoulder_bag,Chanel
1118,3950,0,small,black,lambskin,4,excellent,0.0,0.0,1.0,0.0,1.0,shoulder_bag,Chanel
1119,3250,2015-2020,large,black,lambskin,3,excellent,0.0,0.0,1.0,1.0,1.0,shoulder_bag,Chanel
1120,2705,2015-2020,large,black,lambskin,4,excellent,0.0,0.0,1.0,1.0,1.0,shoulder_bag,Chanel
1121,2810,2015-2020,large,black,lambskin,3,excellent,0.0,0.0,1.0,1.0,1.0,shoulder_bag,Chanel
1122,2655,2015-2020,large,black,lambskin,3,good,0.0,0.0,1.0,1.0,1.0,shoulder_bag,Chanel
1123,3095,2015-2020,large,black,lambskin,2,excellent,0.0,1.0,1.0,1.0,1.0,shoulder_bag,Chanel
1124,3495,2015-2020,small,black,lambskin,4,excellent,0.0,0.0,1.0,1.0,0.0,shoulder_bag,Chanel
1125,1300,0,large,multicolor,fabric,2,excellent,0.0,1.0,0.0,1.0,0.0,shoulder_bag,Chanel
1126,2315,2015-2020,large,black,lambskin,4,excellent,0.0,0.0,1.0,0.0,1.0,shoulder_bag,Chanel
1127,2425,2015-2020,large,blue,lambskin,3,excellent,0.0,0.0,1.0,0.0,1.0,shoulder_bag,Chanel
1128,1045,2015-2020,xlarge,black,tweed,0,good,0.0,0.0,0.0,1.0,0.0,shoulder_bag,Chanel
1129,3295,2015-2020,large,blue,lambskin,3,excellent,0.0,0.0,1.0,0.0,1.0,shoulder_bag,Chanel
1130,2495,2015-2020,large,blue,fabric,4,excellent,0.0,0.0,0.0,1.0,1.0,shoulder_bag,Chanel
1131,1585,0,large,black,lambskin,3,good,0.0,0.0,1.0,1.0,1.0,shoulder_bag,Chanel
1132,4495,2015-2020,small,white,lambskin,3,excellent,0.0,0.0,1.0,1.0,1.0,shoulder_bag,Chanel
1133,2605,2010-2015,large,grey,caviar,3,excellent,0.0,0.0,1.0,1.0,1.0,shoulder_bag,Chanel
1134,740,2010-2015,large,metallic,lambskin,0,good,0.0,0.0,0.0,1.0,1.0,shoulder_bag,Chanel
1135,2385,0,large,brown,caviar,4,good,0.0,0.0,1.0,1.0,1.0,shoulder_bag,Chanel
1136,1395,2010-2015,xlarge,black,fabric,3,good,0.0,0.0,0.0,0.0,1.0,shoulder_bag,Chanel
1137,1395,2000-2010,xlarge,metallic,lambskin,0,good,0.0,0.0,1.0,1.0,0.0,shoulder_bag,Chanel
1138,1080,2000-2010,large,beige,lambskin,2,good,0.0,0.0,1.0,1.0,0.0,shoulder_bag,Chanel
1139,2825,2015-2020,large,black,lambskin,4,excellent,0.0,0.0,1.0,1.0,1.0,shoulder_bag,Chanel
1140,3395,2015-2020,mini,blue,lambskin,3,excellent,0.0,0.0,1.0,0.0,1.0,shoulder_bag,Chanel
1141,3995,2015-2020,medium,pink,lambskin,3,good,0.0,0.0,0.0,1.0,1.0,shoulder_bag,Chanel
1142,2515,2015-2020,large,black,lambskin,2,excellent,0.0,1.0,1.0,1.0,1.0,shoulder_bag,Chanel
1143,2270,2015-2020,mini,beige,lambskin,4,good,0.0,0.0,1.0,1.0,1.0,shoulder_bag,Chanel
1144,3955,0,large,black,lambskin,3,good,0.0,0.0,1.0,0.0,1.0,shoulder_bag,Chanel
1145,5450,2015-2020,large,black,lambskin,3,excellent,0.0,0.0,1.0,0.0,1.0,shoulder_bag,Chanel
1146,3225,0,large,black,lambskin,3,excellent,0.0,0.0,1.0,1.0,1.0,shoulder_bag,Chanel
1147,2905,2015-2020,large,black,lambskin,4,excellent,0.0,0.0,1.0,1.0,1.0,shoulder_bag,Chanel
1148,3095,2015-2020,large,black,lambskin,2,excellent,0.0,0.0,1.0,1.0,1.0,shoulder_bag,Chanel
1149,2785,2015-2020,large,black,lambskin,3,excellent,0.0,0.0,1.0,1.0,1.0,shoulder_bag,Chanel
1150,3380,2015-2020,large,black,lambskin,4,like_new,0.0,0.0,1.0,1.0,1.0,shoulder_bag,Chanel
1151,2135,2015-2020,large,white,lambskin,0,good,0.0,1.0,1.0,1.0,1.0,shoulder_bag,Chanel
1152,3985,2015-2020,large,metallic,lambskin,3,excellent,0.0,0.0,0.0,1.0,0.0,shoulder_bag,Chanel
1153,2570,2015-2020,large,blue,lambskin,3,excellent,0.0,0.0,1.0,0.0,1.0,shoulder_bag,Chanel
1154,2405,2010-2015,xlarge,black,caviar,4,excellent,0.0,0.0,1.0,0.0,1.0,shoulder_bag,Chanel
1155,1045,2000-2010,xlarge,white,lambskin,2,good,0.0,1.0,0.0,0.0,1.0,shoulder_bag,Chanel
1156,2425,2015-2020,xlarge,black,lambskin,4,excellent,0.0,0.0,0.0,1.0,0.0,shoulder_bag,Chanel
1157,2095,2015-2020,large,beige,caviar,0,good,0.0,1.0,1.0,1.0,1.0,shoulder_bag,Chanel
1158,1620,0,large,beige,lambskin,4,good,1.0,0.0,1.0,0.0,1.0,shoulder_bag,Chanel
1159,2235,2015-2020,xlarge,black,lambskin,3,excellent,0.0,0.0,0.0,1.0,0.0,shoulder_bag,Chanel
1160,2095,2015-2020,xlarge,pink,lambskin,2,excellent,0.0,0.0,0.0,1.0,0.0,shoulder_bag,Chanel
1161,5040,2015-2020,mini,black,lambskin,3,excellent,0.0,0.0,1.0,0.0,1.0,shoulder_bag,Chanel
1162,3800,2015-2020,mini,black,lambskin,4,excellent,0.0,0.0,1.0,0.0,1.0,shoulder_bag,Chanel
1163,2850,2015-2020,xlarge,black,lambskin,4,like_new,0.0,0.0,0.0,1.0,0.0,shoulder_bag,Chanel
1164,2030,2010-2015,large,black,lambskin,3,good,0.0,0.0,1.0,1.0,1.0,shoulder_bag,Chanel
1165,2595,2015-2020,large,black,lambskin,2,excellent,0.0,1.0,1.0,1.0,1.0,shoulder_bag,Chanel
1166,3240,2015-2020,mini,pink,lambskin,2,excellent,0.0,0.0,1.0,0.0,1.0,shoulder_bag,Chanel
1167,3655,0,mini,pink,lambskin,0,excellent,0.0,0.0,1.0,0.0,1.0,shoulder_bag,Chanel
1168,3225,2015-2020,large,black,lambskin,3,excellent,0.0,0.0,0.0,1.0,0.0,shoulder_bag,Chanel
1169,1365,2015-2020,medium,beige,suede,0,good,0.0,1.0,1.0,1.0,1.0,shoulder_bag,Chanel
1170,2785,2015-2020,xlarge,multicolor,lambskin,3,excellent,0.0,0.0,0.0,1.0,1.0,shoulder_bag,Chanel
1171,3170,2015-2020,large,black,lambskin,4,excellent,0.0,0.0,0.0,0.0,0.0,shoulder_bag,Chanel
1172,1895,2015-2020,large,black,lambskin,4,good,0.0,0.0,1.0,1.0,1.0,shoulder_bag,Chanel
1173,2140,2015-2020,large,black,lambskin,3,excellent,0.0,0.0,1.0,1.0,0.0,shoulder_bag,Chanel
1174,1935,2010-2015,xlarge,multicolor,0,0,good,0.0,1.0,0.0,1.0,0.0,shoulder_bag,Chanel
1175,3800,2015-2020,mini,pink,lambskin,4,excellent,0.0,0.0,1.0,0.0,1.0,shoulder_bag,Chanel
1176,3540,2015-2020,mini,pink,lambskin,4,like_new,0.0,0.0,1.0,0.0,1.0,shoulder_bag,Chanel
1177,1715,0,xlarge,metallic,0,2,like_new,0.0,0.0,1.0,1.0,0.0,shoulder_bag,Chanel
1178,2395,2015-2020,mini,orange,lambskin,2,excellent,0.0,0.0,1.0,1.0,1.0,shoulder_bag,Chanel
1179,1975,2015-2020,mini,orange,lambskin,3,excellent,0.0,0.0,1.0,1.0,1.0,shoulder_bag,Chanel
1180,1760,0,large,black,lambskin,3,excellent,0.0,0.0,0.0,0.0,0.0,shoulder_bag,Chanel
1181,2075,2015-2020,mini,beige,lambskin,3,good,0.0,0.0,1.0,1.0,1.0,shoulder_bag,Chanel
1182,4275,2015-2020,small,black,lambskin,3,excellent,0.0,0.0,1.0,1.0,1.0,shoulder_bag,Chanel
1183,3630,2015-2020,small,purple,lambskin,3,excellent,0.0,0.0,1.0,0.0,1.0,shoulder_bag,Chanel
1184,4115,2015-2020,large,purple,lambskin,4,like_new,0.0,0.0,1.0,0.0,1.0,shoulder_bag,Chanel
1185,3835,2015-2020,mini,grey,lambskin,3,excellent,0.0,0.0,1.0,0.0,1.0,shoulder_bag,Chanel
